1	0	ABA=0,	Closure	OFF	0.333	0.667	0.667
2	1	ABA=1,	Closure	ON	1.0	1.0	0.667
3	1	ABA=0,ROS=1,	Closure	ON	1.0	1.0	0.667
4	1	ABA=0,RBOH=0,	Closure	OFF	0.0	1.0	0.667
5	2	ABA=0,RBOH=0,ROS=1,	Closure	ON	1.0	1.0	0.667
6	1	ABA=0,ROS=0,	Closure	OFF	0.0	1.0	0.667
7	2	ABA=1,ROS=0,	Closure	OFF/Some	1.0	0	0.0
8	2	ABA=1,RBOH=0,	Closure	OFF/Some	1.0	0	0.0
9	3	ABA=1,PLDalpha=0,RBOH=0,	Closure	OFF	1.0	0	0.0
10	1	ABA=0,CaIM=1,	Closure	ON	0.5	0.5	0.333
11	1	ABA=0,Ca2osc=0,	Closure	OFF	0.0	1.0	0.667
12	2	ABA=1,Ca2osc=0,	Closure	OFF/Some	0.0	1.0	0.667
13	1	ABA=0,SCAB1=1,	Closure	OFF	0.333	0.667	0.444
14	2	ABA=1,SCAB1=1,	Closure	Some/ON	1.0	1.0	0.444
16	1	ABA=0,SCAB1=0,	Closure	OFF	0.333	0.667	0.444
17	2	ABA=1,SCAB1=0,	Closure	Some/ON	0.5	1.0	0.444
19	2	ABA=0,ROS=1,SCAB1=0,	Closure	Some	1.0	0	0.0
20	2	ABA=0,CaIM=1,SCAB1=0,	Closure	Some	0.5	1.0	0.222
21	1	ABA=0,GEF1_4_10=0,	Closure	OFF	0.333	0.667	0.444
22	2	ABA=1,GEF1_4_10=0,	Closure	ON	1.0	1.0	0.444
23	2	ABA=1,GEF1_4_10=1,	Closure	Some/ON	1.0	1.0	0.667
24	1	ABA=0,SPHK1_2=0,	Closure	OFF	0.0	1.0	0.667
25	2	ABA=1,SPHK1_2=0,	Closure	Some	1.0	0	0.0
26	1	ABA=0,SPHK1_2=1,	Closure	OFF	0.333	0.667	0.444
27	2	ABA=1,SPHK1_2=1,	Closure	ON	1.0	1.0	0.444
28	1	ABA=0,ABI1=0,	Closure	OFF	0.333	0.667	0.444
29	2	ABA=1,ABI1=0,	Closure	ON	1.0	1.0	0.444
30	1	ABA=0,HAB1=0,	Closure	OFF	0.5	0.5	0.333
31	2	ABA=1,HAB1=0,	Closure	ON	1.0	1.0	0.333
32	2	ABA=0,ABI1=0,HAB1=0,	Closure	OFF	0.5	0.5	0.111
33	3	ABA=1,ABI1=0,HAB1=0,	Closure	ON	1.0	1.0	0.111
34	2	ABA=0,ABI1=0,ROS=1,	Closure	ON	1.0	1.0	0.444
35	2	ABA=0,ABI1=0,NO=1,	Closure	ON	0.333	0.333	0.099
36	1	ABA=0,ABI1=1,	Closure	OFF	0.0	1.0	0.667
37	2	ABA=1,ABI1=1,	Closure	OFF	0.0	1.0	0.667
38	2	ABA=0,ABI1=1,ROS=1,	Closure	OFF	0.0	1.0	0.667
39	1	ABA=0,ABI2=0,	Closure	OFF	0.5	0.5	0.333
40	2	ABA=1,ABI2=0,	Closure	ON	1.0	1.0	0.333
41	1	ABA=0,ABI2=1,	Closure	OFF	0.333	0.667	0.444
42	2	ABA=1,ABI2=1,	Closure	OFF/Some	1.0	0	0.0
43	1	ABA=0,RCARs=1,	Closure	OFF	0.5	0.5	0.333
44	2	ABA=1,RCARs=1,	Closure	ON	1.0	1.0	0.333
45	1	ABA=0,RCARs=0,	Closure	OFF	0.333	0.667	0.444
46	2	ABA=1,RCARs=0,	Closure	Some	0.5	1.0	0.444
47	2	ABA=0,CaIM=1,RCARs=0,	Closure	Some/ON	0.5	1.0	0.222
48	1	ABA=0,GCR1=0,	Closure	OFF	0.333	0.667	0.444
49	2	ABA=1,GCR1=0,	Closure	ON	1.0	1.0	0.444
50	1	ABA=0,TCTP=1,	Closure	OFF	0.333	0.667	0.444
51	2	ABA=1,TCTP=1,	Closure	ON	1.0	1.0	0.444
52	1	ABA=0,S1P_PhytoS1P=0,	Closure	OFF	0.0	1.0	0.667
53	2	ABA=1,S1P_PhytoS1P=0,	Closure	OFF/Some	1.0	0	0.0
54	1	ABA=0,OST1=0,	Closure	OFF	0.0	1.0	0.667
55	2	ABA=1,OST1=0,	Closure	OFF	0.0	1.0	0.667
56	1	ABA=0,OST1=1,	Closure	OFF	0.5	0.5	0.333
57	2	ABA=1,OST1=1,	Closure	ON	1.0	1.0	0.333
58	1	ABA=0,ERA1=0,	Closure	OFF/Some	0.5	1.0	0.667
59	2	ABA=1,ERA1=0,	Closure	ON	1.0	1.0	0.667
60	1	ABA=0,ABH1=0,	Closure	OFF/Some	0.5	1.0	0.667
61	2	ABA=1,ABH1=0,	Closure	ON	1.0	1.0	0.667
62	1	ABA=0,PLDalpha=0,	Closure	OFF	0.333	0.667	0.444
63	2	ABA=1,PLDalpha=0,	Closure	OFF/Some	1.0	0	0.0
64	2	ABA=0,PLDalpha=0,ROS=1,	Closure	ON	1.0	1.0	0.444
65	1	ABA=0,PLDdelta=0,	Closure	OFF	0.333	0.667	0.444
66	2	ABA=1,PLDdelta=0,	Closure	OFF	1.0	0	0.0
67	2	ABA=0,PLDdelta=0,ROS=1,	Closure	OFF	1.0	0	0.0
68	1	ABA=0,PA=1,	Closure	Some/ON	0.333	0.667	0.444
69	2	ABA=1,PA=1,	Closure	ON	1.0	1.0	0.444
70	2	ABA=0,PLDalpha=0,PLDdelta=0,	Closure	OFF	0.333	0.667	0.198
71	3	ABA=1,PLDalpha=0,PLDdelta=0,	Closure	Some	1.0	0	0.0
72	3	ABA=0,PLDalpha=0,PLDdelta=0,ROS=1,	Closure	Some/ON	1.0	1.0	0.0
73	3	ABA=0,PA=1,PLDalpha=0,PLDdelta=0,	Closure	Some/ON	0.333	0.667	0.039
74	1	ABA=0,DAG=1,	Closure	OFF	0.333	0.667	0.444
75	2	ABA=0,ABI1=0,PA=1,	Closure	Some/ON	0.333	0.667	0.198
76	2	ABA=0,ABI1=1,PA=1,	Closure	OFF	0.0	1.0	0.444
77	2	ABA=0,PA=1,PLDalpha=0,	Closure	Some/ON	0.333	0.667	0.198
78	2	ABA=0,PA=1,PLDdelta=0,	Closure	Some/ON	0.333	0.667	0.198
79	2	ABA=0,GPA1=0,PA=1,	Closure	Some/ON	0.0	0.0	0.0
80	3	ABA=0,GPA1=0,PA=1,PLDalpha=0,	Closure	Some/ON	0.0	0.0	0.0
81	2	ABA=0,ABI1=0,PLDalpha=0,	Closure	OFF	0.333	0.667	0.198
82	3	ABA=1,ABI1=0,PLDalpha=0,	Closure	ON	1.0	1.0	0.0
83	1	ABA=0,GPA1=0,	Closure	OFF	0.0	1.0	0.667
84	2	ABA=1,GPA1=0,	Closure	ON	1.0	1.0	0.667
85	2	ABA=0,GPA1=0,PLDalpha=0,	Closure	OFF	0.0	1.0	0.444
86	3	ABA=1,GPA1=0,PLDalpha=0,	Closure	OFF	1.0	0	0.0
87	1	ABA=0,PP2CA=0,	Closure	OFF	0.5	0.5	0.333
88	2	ABA=0,PA=1,PP2CA=0,	Closure	Some/ON	0.5	1.0	0.222
89	2	ABA=0,Ca2osc=0,PLDalpha=0,	Closure	OFF	0.0	1.0	0.444
90	3	ABA=1,Ca2osc=0,PLDalpha=0,	Closure	OFF/Some	0.0	1.0	0.0
91	2	ABA=0,Ca2osc=0,PA=1,	Closure	Some/ON	0.0	0.0	0.0
92	3	ABA=0,Ca2osc=0,PA=1,PLDalpha=0,	Closure	Some/ON	0.0	0.0	0.0
93	1	ABA=0,CPK3_21=0,	Closure	OFF	0.333	0.667	0.444
94	2	ABA=1,CPK3_21=0,	Closure	Some/ON	1.0	1.0	0.444
95	1	ABA=0,CPK6=0,	Closure	OFF	0.333	0.667	0.444
96	2	ABA=1,CPK6=0,	Closure	Some/ON	1.0	1.0	0.444
97	2	ABA=0,CPK3_21=0,CPK6=0,	Closure	OFF	0.333	0.667	0.198
98	3	ABA=1,CPK3_21=0,CPK6=0,	Closure	OFF/Some	1.0	0	0.0
99	1	ABA=0,cGMP=1,	Closure	OFF	0.333	0.667	0.444
100	3	ABA=1,NOGC1=0,cGMP=1,	Closure	Some/ON	1.0	1.0	0.0
101	1	ABA=0,cADPR=0,	Closure	OFF/Some	0.333	1.0	0.667
102	2	ABA=1,cADPR=0,	Closure	Some/ON	1.0	1.0	0.667
103	1	ABA=0,ADPRc=0,	Closure	OFF	0.333	0.667	0.444
104	2	ABA=1,ADPRc=0,	Closure	OFF/Some	1.0	0	0.0
105	1	ABA=0,PI3P5K=0,	Closure	OFF	0.333	0.667	0.444
106	2	ABA=1,PI3P5K=0,	Closure	Some/ON	1.0	1.0	0.444
107	1	ABA=0,V-ATPase=0,	Closure	OFF	0.0	1.0	0.667
108	2	ABA=1,V-ATPase=0,	Closure	Some/ON	1.0	1.0	0.667
109	1	ABA=0,V-PPase=0,	Closure	OFF	0.333	0.667	0.444
110	2	ABA=1,V-PPase=0,	Closure	Some/ON	1.0	1.0	0.444
111	1	ABA=0,Vacuolar_Acidification=0,	Closure	OFF	0.0	1.0	0.667
112	2	ABA=1,Vacuolar_Acidification=0,	Closure	Some	1.0	0	0.0
113	1	ABA=0,PLC=0,	Closure	OFF/Some	0.5	1.0	0.667
114	2	ABA=1,PLC=0,	Closure	Some/ON	1.0	1.0	0.667
115	1	ABA=0,InsP3=0,	Closure	OFF	0.5	0.5	0.333
116	2	ABA=1,InsP3=0,	Closure	OFF/Some	1.0	0	0.0
117	4	ABA=1,PLDalpha=0,PLDdelta=0,cADPR=0,	Closure	OFF	1.0	0	0.0
118	4	ABA=1,PLC=0,PLDalpha=0,PLDdelta=0,	Closure	OFF/Some	1.0	0	0.0
119	3	ABA=1,PLC=0,cADPR=0,	Closure	OFF	1.0	0	0.0
120	5	ABA=1,PLC=0,PLDalpha=0,PLDdelta=0,cADPR=0,	Closure	OFF	1.0	0	0.0
121	1	ABA=0,pHc=0,	Closure	OFF	0.0	1.0	0.667
122	2	ABA=1,pHc=0,	Closure	OFF/Some	1.0	0	0.0
123	2	ABA=0,OST1=0,pHc=0,	Closure	OFF	0.0	1.0	0.667
124	3	ABA=1,OST1=0,pHc=0,	Closure	OFF	0.0	1.0	0.0
125	3	ABA=1,GPA1=0,pHc=0,	Closure	OFF/Some	1.0	0	0.0
126	2	ABA=0,NO=1,RBOH=0,	Closure	ON	0.0	0.0	0.0
127	1	ABA=0,PtdInsP4=0,	Closure	OFF	0.5	0.5	0.333
128	2	ABA=1,PtdInsP4=0,	Closure	OFF/Some	1.0	0	0.0
129	1	ABA=0,PtdInsP3=0,	Closure	OFF	0.0	1.0	0.667
130	2	ABA=1,PtdInsP3=0,	Closure	OFF/Some	1.0	0	0.0
131	3	ABA=1,PtdInsP3=0,PtdInsP4=0,	Closure	OFF/Some	0.0	1.0	0.0
132	1	ABA=0,ROP11=1,	Closure	OFF	0.333	0.667	0.444
133	2	ABA=1,ROP11=1,	Closure	Some	1.0	0	0.0
134	1	ABA=0,ROP11=0,	Closure	OFF	0.333	0.667	0.444
135	2	ABA=1,ROP11=0,	Closure	ON	1.0	1.0	0.444
136	1	ABA=0,KOUT=0,	Closure	OFF	0.0	1.0	0.667
137	2	ABA=1,KOUT=0,	Closure	Some	0.0	0.0	0.0
138	1	ABA=0,K_efflux=0,	Closure	OFF	0.0	1.0	0.667
139	2	ABA=1,K_efflux=0,	Closure	Some	0.0	0.0	0.0
142	2	ABA=0,KOUT=0,pHc=0,	Closure	OFF	0.0	1.0	0.667
143	3	ABA=1,KOUT=0,pHc=0,	Closure	Some	0.0	0.0	0.0
144	1	ABA=0,PP2CA=1,	Closure	OFF	0.333	0.667	0.444
145	2	ABA=1,PP2CA=1,	Closure	Some	1.0	0	0.0
146	2	ABA=1,PP2CA=0,	Closure	ON	1.0	1.0	0.333
147	1	ABA=0,H_ATPase=1,	Closure	OFF	0.167	0.833	0.556
148	2	ABA=1,H_ATPase=1,	Closure	Some	0.5	1.0	0.556
149	1	ABA=0,AtRAC1=0,	Closure	Some/ON	0.5	1.0	0.667
150	1	ABA=0,AtRAC1=1,	Closure	OFF	0.333	0.667	0.444
151	2	ABA=1,AtRAC1=1,	Closure	Some	0.5	1.0	0.444
152	1	ABA=0,QUAC1=0,	Closure	OFF	0.333	0.667	0.444
153	2	ABA=1,QUAC1=0,	Closure	OFF/Some	1.0	0	0.0
154	2	ABA=0,CaIM=1,QUAC1=0,	Closure	OFF	0.5	0.5	0.111
155	1	ABA=0,GAPC1_2=0,	Closure	OFF	0.333	0.667	0.444
156	2	ABA=1,GAPC1_2=0,	Closure	Some	1.0	0	0.0
157	2	ABA=0,GAPC1_2=0,ROS=1,	Closure	Some	1.0	0	0.0
158	2	ABA=0,GAPC1_2=0,PLDdelta=0,	Closure	OFF	0.333	0.667	0.198
159	3	ABA=1,GAPC1_2=0,PLDdelta=0,	Closure	OFF/Some	1.0	0	0.0
160	3	ABA=0,GAPC1_2=0,PLDdelta=0,ROS=1,	Closure	OFF/Some	1.0	0	0.0
161	1	ABA=0,MPK9_12=0,	Closure	OFF	0.333	0.667	0.444
162	2	ABA=1,MPK9_12=0,	Closure	OFF/Some	1.0	0	0.0
163	2	ABA=0,MPK9_12=0,ROS=1,	Closure	Some	1.0	0	0.0
164	1	ABA=0,SLAC1=0,	Closure	OFF	0.333	0.667	0.444
165	2	ABA=1,SLAC1=0,	Closure	OFF	1.0	0	0.0
166	1	ABA=0,ARP_Complex=0,	Closure	OFF/Some	0.333	1.0	0.667
167	2	ABA=1,ARP_Complex=0,	Closure	OFF/Some	0.5	1.0	0.667
168	2	ABA=0,ARP_Complex=0,CaIM=1,	Closure	Some	0.5	1.0	0.333
171	1	ABA=0,AquaporinPIP2_1=0,	Closure	OFF	0.0	1.0	0.667
172	2	ABA=1,AquaporinPIP2_1=0,	Closure	Some	0.0	0.0	0.0
173	1	ABA=0,GHR1=0,	Closure	OFF	0.333	0.667	0.444
174	2	ABA=1,GHR1=0,	Closure	OFF	1.0	0	0.0
175	2	ABA=0,GHR1=0,ROS=1,	Closure	OFF	1.0	0	0.0
176	2	ABA=0,OST1=0,ROS=1,	Closure	Some/ON	0.0	0.0	0.0
177	2	ABA=0,CaIM=1,GHR1=0,	Closure	ON	0.5	0.5	0.111
178	1	ABA=0,RCN1=0,	Closure	OFF/Some	0.0	1.0	0.667
179	2	ABA=1,RCN1=0,	Closure	Some	1.0	0	0.0
180	1	ABA=0,SPP1=0,	Closure	OFF	0.333	0.667	0.444
181	2	ABA=1,SPP1=0,	Closure	ON	1.0	1.0	0.444
182	1	ABA=0,NIA1_2=0,	Closure	OFF/Some	0.333	1.0	0.667
183	2	ABA=1,NIA1_2=0,	Closure	OFF	1.0	0	0.0
184	1	ABA=0,Microtubule_Depolymerization=0,	Closure	OFF	0.0	1.0	0.667
185	2	ABA=1,Microtubule_Depolymerization=0,	Closure	OFF/Some	0.0	1.0	0.667
186	1	ABA=0,Microtubule_Depolymerization=1,	Closure	OFF	0.333	0.667	0.444
187	2	ABA=1,Microtubule_Depolymerization=1,	Closure	ON	1.0	1.0	0.444
188	2	ABA=0,Microtubule_Depolymerization=1,PLDalpha=0,	Closure	OFF	0.333	0.667	0.198
189	3	ABA=1,Microtubule_Depolymerization=1,PLDalpha=0,	Closure	Some/ON	1.0	1.0	0.0
190	2	ABA=0,Microtubule_Depolymerization=1,PP2CA=0,	Closure	OFF	0.5	0.5	0.111
191	3	ABA=1,Microtubule_Depolymerization=1,PP2CA=0,	Closure	ON	1.0	1.0	0.111
192	2	ABA=0,Microtubule_Depolymerization=0,PLDalpha=0,	Closure	OFF	0.0	1.0	0.444
193	3	ABA=1,Microtubule_Depolymerization=0,PLDalpha=0,	Closure	OFF	0.0	1.0	0.0
194	2	ABA=0,Microtubule_Depolymerization=0,PP2CA=0,	Closure	OFF	0.0	1.0	0.333
195	3	ABA=1,Microtubule_Depolymerization=0,PP2CA=0,	Closure	ON	0.0	0.0	0.0
196	1	ABA=0,NOGC1=0,	Closure	OFF	0.333	0.667	0.444
197	2	ABA=1,NOGC1=0,	Closure	OFF	1.0	0	0.0
198	2	ABA=0,NO=1,NOGC1=0,	Closure	OFF	0.333	0.667	0.198
199	1	ABA=0,MRP5=0,	Closure	OFF	0.333	0.667	0.444
200	2	ABA=1,MRP5=0,	Closure	Some	1.0	0	0.0
201	1	ABA=0,pHc=1,	Closure	Some/ON	0.333	0.667	0.444
202	2	ABA=1,pHc=1,	Closure	ON	1.0	1.0	0.444
203	1	ABA=0,NO=0,	Closure	OFF	0.333	0.667	0.444
204	2	ABA=1,NO=0,	Closure	OFF	1.0	0	0.0
205	2	ABA=1,SLAH3=0,	Closure	ON	1.0	1.0	0.667
206	1	ABA=0,NtSyp121=0,	Closure	OFF	0.333	0.667	0.444
207	2	ABA=1,NtSyp121=0,	Closure	OFF	1.0	0	0.0
208	1	ABA=0,S1P_PhytoS1P=1,	Closure	Some/ON	0.333	0.667	0.444
209	2	ABA=0,GPA1=0,S1P_PhytoS1P=1,	Closure	OFF/Some	0.0	1.0	0.444
210	1	ABA=0,Nitrite=1,	Closure	Some/ON	0.333	0.667	0.444
211	2	ABA=0,NIA1_2=0,Nitrite=1,	Closure	OFF	0.333	0.667	0.296
212	1	ABA=0,NO=1,	Closure	Some/ON	0.333	0.667	0.444
213	2	ABA=0,NIA1_2=0,NO=1,	Closure	Some/ON	0.333	0.667	0.296
214	2	ABA=0,NIA1_2=0,ROS=1,	Closure	Some/ON	1.0	1.0	0.667
215	3	ABA=0,NO=1,NOGC1=0,cGMP=1,	Closure	Some/ON	0.333	0.667	0.088
216	2	ABA=0,GPA1=0,ROS=1,	Closure	ON	1.0	1.0	0.667
217	2	ABA=0,Actin_Reorganization=0,ROS=1,	Closure	Some	1.0	0	0.0
218	1	8-nitro-cGMP=1,ABA=0,	Closure	Some	0.5	1.0	0.667
219	2	8-nitro-cGMP=1,ABA=0,SLAC1=0,	Closure	OFF	0.5	0.5	0.222
220	1	ABA=0,cADPR=1,	Closure	ON	0.5	0.5	0.333
221	2	ABA=0,ABI1=1,AtRAC1=0,	Closure	Some/ON	0.0	0.0	0.0
222	2	ABA=0,ABI1=1,AtRAC1=1,	Closure	OFF	0.0	1.0	0.444
223	1	ABA=0,InsP3=1,	Closure	Some/ON	0.5	1.0	0.667
225	1	ABA=0,CaIM=0,	Closure	OFF	0.333	0.667	0.444
227	2	ABA=0,CaIM=0,InsP3=1,	Closure	Some/ON	0.5	1.0	0.444
229	2	ABA=0,NO=1,NtSyp121=0,	Closure	Some	0.333	1.0	0.296
230	2	ABA=0,NO=1,PLC=0,	Closure	OFF	0.5	0.5	0.222
231	2	ABA=0,NO=1,PLDdelta=0,	Closure	OFF	0.333	0.667	0.198
232	2	ABA=0,NO=1,PLDalpha=0,	Closure	Some/ON	0.333	0.667	0.198
233	3	ABA=0,NO=1,PLDalpha=0,PLDdelta=0,	Closure	OFF	0.333	0.667	0.039
234	2	8-nitro-cGMP=1,ABA=0,cADPR=0,	Closure	OFF	0.333	0.667	0.444
235	2	8-nitro-cGMP=1,ABA=0,Ca2osc=0,	Closure	OFF/Some	0.0	1.0	0.667
236	2	ABA=0,GCR1=0,S1P_PhytoS1P=1,	Closure	ON	0.333	0.333	0.099
237	2	ABA=0,CPK3_21=0,CaIM=1,	Closure	Some	0.5	1.0	0.222
238	2	ABA=0,CPK6=0,CaIM=1,	Closure	Some	0.5	1.0	0.222
239	2	ABA=0,ABI1=1,NO=1,	Closure	OFF	0.0	1.0	0.444
240	2	ABA=0,ABI2=1,NO=1,	Closure	OFF	0.333	0.667	0.198
241	2	ABA=0,CaIM=1,TCTP=1,	Closure	ON	0.5	0.5	0.111
242	2	ABA=0,CaIM=1,PLDalpha=0,	Closure	OFF	0.5	0.5	0.111
243	2	ABA=0,NO=0,ROS=1,	Closure	OFF/Some	1.0	0	0.0
244	2	ABA=0,NO=1,ROS=0,	Closure	ON	0.0	0.0	0.0
15	2	ABA=1,SCAB1=1,	Actin_Reorganization	Some/ON	1.0	1.0	1.0
18	2	ABA=1,SCAB1=0,	Actin_Reorganization	Some/ON	0.0	0.0	0.0
169	1	ABA=0,ARP_Complex=0,	Actin_Reorganization	OFF	0.0	1.0	1.0
170	2	ABA=1,ARP_Complex=0,	Actin_Reorganization	OFF/Some	0.0	1.0	1.0
321	0	ABA=0,	Actin_Reorganization	OFF	0.0	1.0	1.0
322	1	ABA=1,	Actin_Reorganization	ON	1.0	1.0	1.0
323	1	ABA=0,ABI1=1,	Actin_Reorganization	OFF	0.0	1.0	1.0
324	2	ABA=1,ABI1=1,	Actin_Reorganization	OFF	0.0	1.0	1.0
325	1	ABA=0,PtdInsP3=0,	Actin_Reorganization	OFF	0.0	1.0	1.0
326	2	ABA=1,PtdInsP3=0,	Actin_Reorganization	OFF/Some	1.0	0	0.0
327	1	ABA=0,PtdInsP4=0,	Actin_Reorganization	OFF	0.0	1.0	1.0
328	2	ABA=1,PtdInsP4=0,	Actin_Reorganization	OFF/Some	1.0	0	0.0
329	3	ABA=1,PtdInsP3=0,PtdInsP4=0,	Actin_Reorganization	OFF/Some	0.0	1.0	0.0
330	2	ABA=1,PLC=0,	Actin_Reorganization	ON	1.0	1.0	1.0
331	2	ABA=1,ROS=0,	Actin_Reorganization	OFF/Some	1.0	0	0.0
332	1	ABA=0,RBOH=0,	Actin_Reorganization	OFF	0.0	1.0	1.0
333	2	ABA=1,RBOH=0,	Actin_Reorganization	OFF/Some	1.0	0	0.0
451	1	ABA=0,AtRAC1=0,	Actin_Reorganization	Some/ON	1.0	1.0	1.0
456	1	ABA=0,ROS=1,	Actin_Reorganization	Some	0.0	0.0	0.0
140	1	ABA=0,KOUT=0,	ROS	OFF	0.333	0.667	0.444
141	2	ABA=1,KOUT=0,	ROS	ON	1.0	1.0	0.444
245	0	ABA=0,	ROS	OFF	0.333	0.667	0.667
246	1	ABA=1,	ROS	ON	1.0	1.0	0.667
251	1	ABA=0,RCARs=0,	ROS	OFF	0.333	0.667	0.444
252	2	ABA=1,RCARs=0,	ROS	OFF	0.5	0.5	0.222
263	1	ABA=0,Ca2osc=0,	ROS	OFF	0.0	1.0	0.667
264	2	ABA=1,Ca2osc=0,	ROS	ON	0.5	0.5	0.333
282	1	ABA=0,NO=1,	ROS	OFF	0.333	0.667	0.444
283	2	ABA=1,NO=0,	ROS	ON	1.0	1.0	0.667
291	1	ABA=0,GPA1=0,	ROS	OFF	0.0	1.0	0.667
292	2	ABA=1,GPA1=0,	ROS	OFF	0.0	1.0	0.667
293	1	ABA=0,AquaporinPIP2_1=0,	ROS	OFF	0.333	0.667	0.444
294	2	ABA=1,AquaporinPIP2_1=0,	ROS	OFF	1.0	0	0.0
378	1	ABA=0,pHc=0,	ROS	OFF	0.0	1.0	0.667
379	2	ABA=1,pHc=0,	ROS	Some	0.0	0.0	0.0
384	1	ABA=0,OST1=0,	ROS	OFF	0.0	1.0	0.667
385	2	ABA=1,OST1=0,	ROS	OFF	0.0	1.0	0.667
386	1	ABA=0,OST1=1,	ROS	OFF	0.5	0.5	0.333
387	2	ABA=1,OST1=1,	ROS	ON	1.0	1.0	0.333
388	1	ABA=0,RBOH=0,	ROS	OFF	0.0	1.0	0.667
389	2	ABA=1,RBOH=0,	ROS	OFF	0.0	1.0	0.667
390	2	ABA=0,OST1=0,RBOH=0,	ROS	OFF	0.0	1.0	0.667
391	3	ABA=1,OST1=0,RBOH=0,	ROS	OFF	0.0	1.0	0.667
392	2	ABA=0,KOUT=0,RBOH=0,	ROS	OFF	0.0	1.0	0.444
393	3	ABA=1,KOUT=0,RBOH=0,	ROS	OFF	0.0	1.0	0.444
394	1	ABA=0,ABI1=1,	ROS	OFF	0.0	1.0	0.667
395	2	ABA=1,ABI1=1,	ROS	OFF	0.0	1.0	0.667
396	1	ABA=0,ABI2=1,	ROS	OFF	0.333	0.667	0.444
397	2	ABA=1,ABI2=1,	ROS	ON	1.0	1.0	0.444
398	1	ABA=0,ABI1=0,	ROS	OFF	0.333	0.667	0.444
399	2	ABA=1,ABI1=0,	ROS	ON	1.0	1.0	0.444
400	1	ABA=0,PtdInsP3=0,	ROS	OFF	0.0	1.0	0.667
401	2	ABA=1,PtdInsP3=0,	ROS	OFF/Some	0.0	1.0	0.667
402	1	ABA=0,PtdInsP4=0,	ROS	OFF	0.5	0.5	0.333
403	2	ABA=1,PtdInsP4=0,	ROS	ON	1.0	1.0	0.333
404	3	ABA=1,PtdInsP3=0,PtdInsP4=0,	ROS	OFF	0.0	1.0	0.333
407	1	ABA=0,PLDdelta=0,	ROS	OFF	0.333	0.667	0.444
408	2	ABA=1,PLDdelta=0,	ROS	Some/ON	1.0	1.0	0.444
413	1	ABA=0,PLDalpha=0,	ROS	OFF/Some	0.333	1.0	0.667
414	2	ABA=1,PLDalpha=0,	ROS	Some	1.0	0	0.0
415	3	ABA=1,PLDalpha=0,PLDdelta=0,	ROS	OFF/Some	1.0	0	0.0
462	1	ABA=0,GHR1=0,	ROS	OFF	0.333	0.667	0.444
463	2	ABA=1,GHR1=0,	ROS	ON	1.0	1.0	0.444
469	1	ABA=0,PA=1,	ROS	Some/ON	0.333	0.667	0.444
470	3	ABA=0,PA=1,PLDalpha=0,PLDdelta=0,	ROS	Some	0.333	1.0	0.296
476	1	ABA=0,PC=1,	ROS	OFF	0.333	0.667	0.444
477	2	ABA=0,PA=1,RBOH=0,	ROS	OFF	0.0	1.0	0.444
224	1	ABA=0,InsP3=1,	Ca2osc	ON	1.0	1.0	0.333
226	1	ABA=0,CaIM=0,	Ca2osc	OFF	0.667	0.333	0.111
228	2	ABA=0,CaIM=0,InsP3=1,	Ca2osc	ON	1.0	1.0	0.111
314	0	ABA=0,	Ca2osc	OFF	0.667	0.333	0.333
315	1	ABA=1,	Ca2osc	ON	1.0	1.0	0.333
316	2	ABA=1,pHc=0,	Ca2osc	OFF/Some	1.0	0	0.0
317	1	ABA=0,OST1=0,	Ca2osc	OFF	0.5	0.5	0.167
318	2	ABA=1,OST1=0,	Ca2osc	OFF	1.0	0	0.0
319	2	ABA=0,PLDalpha=0,PLDdelta=0,	Ca2osc	OFF	0.667	0.333	0.111
320	3	ABA=1,PLDalpha=0,PLDdelta=0,	Ca2osc	ON	1.0	1.0	0.111
449	1	ABA=0,S1P_PhytoS1P=1,	Ca2osc	ON	0.667	0.667	0.222
450	1	ABA=0,CaIM=1,	Ca2osc	ON	1.0	1.0	0.333
461	1	ABA=0,PA=1,	Ca2osc	OFF	0.667	0.333	0.111
247	0	ABA=0,	NO	OFF	0.333	0.667	0.667
248	1	ABA=1,	NO	ON	1.0	1.0	0.667
253	1	ABA=0,RCARs=0,	NO	OFF	0.333	0.667	0.444
254	2	ABA=1,RCARs=0,	NO	OFF	0.5	0.5	0.222
265	1	ABA=0,pHc=0,	NO	OFF	0.0	1.0	0.667
266	2	ABA=1,pHc=0,	NO	OFF	0.0	1.0	0.667
267	1	ABA=0,pHc=1,	NO	ON	0.333	0.333	0.222
268	2	ABA=1,pHc=1,	NO	ON	1.0	1.0	0.222
269	1	ABA=0,Ca2osc=0,	NO	OFF	0.0	1.0	0.667
270	2	ABA=1,Ca2osc=0,	NO	OFF	0.5	0.5	0.333
271	1	ABA=0,ROS=1,	NO	ON	1.0	1.0	0.667
272	1	ABA=0,NIA1_2=0,	NO	OFF/Some	0.0	1.0	0.667
273	2	ABA=1,NIA1_2=0,	NO	OFF	0.0	1.0	0.667
274	2	ABA=0,NIA1_2=0,ROS=1,	NO	OFF	0.0	1.0	0.667
275	1	ABA=0,Nitrite=1,	NO	ON	0.333	0.333	0.222
276	2	ABA=0,NIA1_2=0,Nitrite=1,	NO	OFF	0.0	1.0	0.222
277	1	ABA=0,RBOH=0,	NO	OFF	0.0	1.0	0.667
278	2	ABA=1,RBOH=0,	NO	OFF	0.0	1.0	0.667
279	2	ABA=0,RBOH=0,ROS=1,	NO	ON	1.0	1.0	0.667
280	1	ABA=0,ABI1=0,	NO	OFF	0.333	0.667	0.444
281	2	ABA=1,ABI1=0,	NO	ON	1.0	1.0	0.444
405	1	ABA=0,PLDdelta=0,	NO	OFF	0.333	0.667	0.444
406	2	ABA=1,PLDdelta=0,	NO	ON	1.0	1.0	0.444
416	1	ABA=0,PLDalpha=0,	NO	OFF	0.333	0.667	0.444
417	2	ABA=1,PLDalpha=0,	NO	OFF	1.0	0	0.0
418	3	ABA=1,PLDalpha=0,PLDdelta=0,	NO	OFF	1.0	0	0.0
419	2	ABA=0,PLDalpha=0,ROS=1,	NO	ON	1.0	1.0	0.444
464	1	ABA=0,ABI1=1,	NO	OFF	0.0	1.0	0.667
465	2	ABA=1,ABI1=1,	NO	ON	0.0	0.0	0.0
466	1	ABA=0,ABI2=1,	NO	OFF	0.333	0.667	0.444
467	2	ABA=1,ABI2=1,	NO	ON	1.0	1.0	0.444
471	1	ABA=0,PA=1,	NO	OFF	0.333	0.667	0.444
472	3	ABA=0,PA=1,PLDalpha=0,PLDdelta=0,	NO	OFF	0.333	0.667	0.132
249	0	ABA=0,	pHc	OFF	0.667	0.333	0.333
250	1	ABA=1,	pHc	ON	1.0	1.0	0.333
255	1	ABA=0,RCARs=0,	pHc	OFF	0.667	0.333	0.111
256	2	ABA=1,RCARs=0,	pHc	OFF	1.0	0	0.0
257	1	ABA=0,NO=1,	pHc	Some	0.667	1.0	0.333
258	2	ABA=1,NO=1,	pHc	ON	1.0	1.0	0.333
259	1	ABA=0,NO=0,	pHc	OFF	0.667	0.333	0.111
260	2	ABA=1,NO=0,	pHc	Some	1.0	0	0.0
261	1	ABA=0,Ca2osc=0,	pHc	OFF	0.0	1.0	0.333
262	2	ABA=1,Ca2osc=0,	pHc	OFF	1.0	0	0.0
305	2	ABA=1,ABI1=1,	pHc	OFF	0.5	0.5	0.167
306	2	ABA=1,ABI2=1,	pHc	OFF	1.0	0	0.0
307	2	ABA=1,OST1=0,	pHc	OFF	1.0	0	0.0
308	1	ABA=0,CaIM=1,	pHc	ON	1.0	1.0	0.333
309	2	ABA=0,ABI1=1,CaIM=1,	pHc	ON	1.0	1.0	0.333
310	2	ABA=0,ABI2=1,CaIM=1,	pHc	ON	1.0	1.0	0.333
311	2	ABA=0,CaIM=1,OST1=0,	pHc	ON	1.0	1.0	0.333
312	2	ABA=0,PLDalpha=0,PLDdelta=0,	pHc	OFF	0.667	0.333	0.111
313	3	ABA=1,PLDalpha=0,PLDdelta=0,	pHc	OFF	1.0	0	0.0
372	1	ABA=0,PI3P5K=0,	pHc	OFF	0.667	0.333	0.111
373	2	ABA=1,PI3P5K=0,	pHc	OFF/Some	1.0	0	0.0
473	1	ABA=0,PA=1,	pHc	ON	0.667	0.667	0.222
474	3	ABA=0,PA=1,PLDalpha=0,PLDdelta=0,	pHc	Some/ON	0.667	1.0	0.074
284	0	ABA=0,	CaIM	OFF	0.333	0.667	0.667
285	1	ABA=1,	CaIM	ON	1.0	1.0	0.667
287	1	ABA=0,SACC=0,	CaIM	OFF	0.333	0.667	0.444
288	2	ABA=1,SACC=0,	CaIM	ON	0.5	0.5	0.222
289	2	ABA=0,GPA1=0,SACC=0,	CaIM	OFF	0.0	1.0	0.444
290	3	ABA=1,GPA1=0,SACC=0,	CaIM	OFF	0.0	1.0	0.222
380	1	ABA=0,OST1=0,	CaIM	OFF	0.0	1.0	0.667
381	2	ABA=1,OST1=0,	CaIM	OFF	1.0	0	0.0
382	1	ABA=0,OST1=1,	CaIM	OFF	0.5	0.5	0.333
383	2	ABA=1,OST1=1,	CaIM	ON	1.0	1.0	0.333
429	2	ABA=0,ERA1=0,SACC=0,	CaIM	OFF	1.0	0	0.0
430	3	ABA=1,ERA1=0,SACC=0,	CaIM	ON	1.0	1.0	0.0
447	2	ABA=0,ROS=1,SACC=0,	CaIM	Some/ON	1.0	1.0	0.444
448	3	ABA=0,GPA1=0,ROS=1,SACC=0,	CaIM	Some/ON	1.0	1.0	0.444
286	0	ABA=0,	SACC	OFF	0.0	1.0	1.0
295	0	ABA=0,	AquaporinPIP2_1	OFF	0.333	0.667	0.667
296	1	ABA=1,	AquaporinPIP2_1	ON	1.0	1.0	0.667
297	1	ABA=0,OST1=0,	AquaporinPIP2_1	OFF	0.0	1.0	0.667
298	2	ABA=1,OST1=0,	AquaporinPIP2_1	OFF	0.0	1.0	0.667
299	0	ABA=0,	SLAC1	OFF	0.333	0.667	0.667
300	1	ABA=1,	SLAC1	ON	1.0	1.0	0.667
301	1	ABA=0,OST1=0,	SLAC1	OFF	0.0	1.0	0.667
302	2	ABA=1,OST1=0,	SLAC1	OFF	0.0	1.0	0.667
303	1	ABA=0,GHR1=0,	SLAC1	OFF	0.0	1.0	0.667
304	2	ABA=1,GHR1=0,	SLAC1	OFF/Some	0.0	1.0	0.667
431	1	ABA=0,ERA1=0,	SLAC1	OFF	0.5	0.5	0.333
432	2	ABA=1,ERA1=0,	SLAC1	ON	1.0	1.0	0.333
444	1	ABA=0,ROS=1,	SLAC1	Some/ON	1.0	1.0	0.667
445	2	ABA=0,OST1=0,ROS=1,	SLAC1	Some/ON	0.0	0.0	0.0
446	2	ABA=0,GHR1=0,ROS=1,	SLAC1	OFF/Some	0.0	1.0	0.667
457	1	ABA=0,CaIM=1,	SLAC1	Some/ON	0.5	1.0	0.667
458	1	ABA=0,MPK9_12=0,	SLAC1	OFF	0.0	1.0	0.667
459	2	ABA=1,MPK9_12=0,	SLAC1	OFF	0.0	1.0	0.667
460	2	ABA=0,CaIM=1,MPK9_12=0,	SLAC1	OFF	0.0	1.0	0.667
334	0	ABA=0,	AtRAC1	ON	1.0	1.0	1.0
335	1	ABA=1,	AtRAC1	OFF	0.0	1.0	1.0
336	1	ABA=0,ABI1=1,	AtRAC1	ON	1.0	1.0	1.0
337	2	ABA=1,ABI1=1,	AtRAC1	ON	1.0	1.0	1.0
338	0	ABA=0,	8-nitro-cGMP	OFF	0.333	0.667	0.667
339	1	ABA=1,	8-nitro-cGMP	ON	1.0	1.0	0.667
340	1	ABA=0,NO=1,	8-nitro-cGMP	Some/ON	0.333	0.667	0.444
341	2	ABA=1,NO=0,	8-nitro-cGMP	OFF	0.0	1.0	0.667
342	2	ABA=1,NOGC1=0,	8-nitro-cGMP	OFF	0.0	1.0	0.667
343	3	ABA=1,NOGC1=0,cGMP=1,	8-nitro-cGMP	ON	1.0	1.0	0.667
344	2	ABA=0,NO=1,NOGC1=0,	8-nitro-cGMP	OFF	0.0	1.0	0.444
345	3	ABA=0,NO=1,NOGC1=0,cGMP=1,	8-nitro-cGMP	ON	0.333	0.333	0.148
346	2	ABA=1,ROS=0,	8-nitro-cGMP	OFF	0.0	1.0	0.667
455	1	ABA=0,ROS=1,	8-nitro-cGMP	Some/ON	1.0	1.0	0.667
347	0	ABA=0,	K_efflux	OFF	0.667	0.333	0.333
348	1	ABA=1,	K_efflux	ON	1.0	1.0	0.333
349	0	ABA=0,	KEV	OFF	0.667	0.333	0.333
350	1	ABA=1,	KEV	ON	1.0	1.0	0.333
351	1	ABA=0,Ca2osc=1,	KEV	Some/ON	1.0	1.0	0.333
352	0	ABA=0,	Microtubule_Depolymerization	OFF	0.667	0.333	0.333
353	1	ABA=1,	Microtubule_Depolymerization	ON	1.0	1.0	0.333
354	1	ABA=0,PLDalpha=0,	Microtubule_Depolymerization	OFF	0.667	0.333	0.111
355	2	ABA=1,PLDalpha=0,	Microtubule_Depolymerization	Some	1.0	0	0.0
356	1	ABA=0,PP2CA=0,	Microtubule_Depolymerization	OFF	0.5	0.5	0.167
357	2	ABA=1,PP2CA=0,	Microtubule_Depolymerization	ON	1.0	1.0	0.167
358	1	ABA=0,PA=1,	Microtubule_Depolymerization	ON	0.667	0.667	0.222
359	2	ABA=0,PA=1,PP2CA=0,	Microtubule_Depolymerization	Some/ON	0.5	1.0	0.111
360	1	ABA=0,Ca2osc=0,	Microtubule_Depolymerization	OFF	0.0	1.0	0.333
361	2	ABA=1,Ca2osc=0,	Microtubule_Depolymerization	OFF/Some	0.0	1.0	0.333
362	2	ABA=0,Ca2osc=0,PA=1,	Microtubule_Depolymerization	ON	0.0	0.0	0.0
363	2	ABA=0,Ca2osc=0,PLDalpha=0,	Microtubule_Depolymerization	OFF/Some	0.0	1.0	0.111
364	3	ABA=1,Ca2osc=0,PLDalpha=0,	Microtubule_Depolymerization	OFF/Some	0.0	1.0	0.0
365	3	ABA=0,Ca2osc=0,PA=1,PLDalpha=0,	Microtubule_Depolymerization	ON	0.0	0.0	0.0
366	1	ABA=0,CaIM=1,	Microtubule_Depolymerization	ON	1.0	1.0	0.333
367	2	ABA=0,CaIM=1,PLDalpha=0,	Microtubule_Depolymerization	Some	1.0	0	0.0
368	0	ABA=0,	Vacuolar_Acidification	OFF	0.667	0.333	0.333
369	1	ABA=1,	Vacuolar_Acidification	ON	1.0	1.0	0.333
370	1	ABA=0,PI3P5K=0,	Vacuolar_Acidification	OFF	0.667	0.333	0.111
371	2	ABA=1,PI3P5K=0,	Vacuolar_Acidification	OFF/Some	1.0	0	0.0
374	1	ABA=0,V-PPase=0,	Vacuolar_Acidification	OFF	0.667	0.333	0.111
375	2	ABA=1,V-PPase=0,	Vacuolar_Acidification	Some	1.0	0	0.0
376	1	ABA=0,pHc=0,	Vacuolar_Acidification	OFF	0.5	0.5	0.167
377	2	ABA=1,pHc=0,	Vacuolar_Acidification	OFF/Some	1.0	0	0.0
409	0	ABA=0,	PA	OFF	0.667	0.333	0.333
410	1	ABA=1,	PA	ON	1.0	1.0	0.333
411	1	ABA=0,PLDalpha=0,	PA	OFF	0.667	0.333	0.111
412	2	ABA=1,PLDalpha=0,	PA	Some	1.0	0	0.0
437	3	ABA=1,PLDalpha=0,PLDdelta=0,	PA	OFF	1.0	0	0.0
438	2	ABA=1,PLDdelta=0,	PA	Some	1.0	0	0.0
452	1	ABA=0,NO=1,	PA	Some/ON	1.0	1.0	0.333
453	1	ABA=0,PLC=0,	PA	OFF	0.5	0.5	0.167
454	2	ABA=0,NO=1,PLC=0,	PA	OFF/Some	1.0	0	0.0
420	0	ABA=0,	AnionEM	OFF	0.333	0.667	0.667
421	1	ABA=1,	AnionEM	ON	1.0	1.0	0.667
422	1	ABA=0,cADPR=0,	AnionEM	OFF	0.333	0.667	0.444
423	2	ABA=1,cADPR=0,	AnionEM	OFF	1.0	0	0.0
424	1	ABA=0,PLC=0,	AnionEM	OFF	0.5	0.5	0.333
425	2	ABA=1,PLC=0,	AnionEM	OFF	1.0	0	0.0
426	1	ABA=1,	Depolarization	ON	1.0	1.0	1.0
427	2	ABA=1,cADPR=0,	Depolarization	OFF	1.0	0	0.0
428	2	ABA=1,PLC=0,	Depolarization	OFF	1.0	0	0.0
433	1	ABA=0,Ca2osc=0,	QUAC1	OFF	0.0	1.0	1.0
434	2	ABA=1,Ca2osc=0,	QUAC1	ON	0.0	0.0	0.0
435	3	ABA=1,ABI1=1,Ca2osc=0,	QUAC1	OFF	0.0	1.0	0.0
436	3	ABA=1,Ca2osc=0,OST1=0,	QUAC1	OFF	0.0	1.0	0.0
439	0	ABA=0,	PLDalpha	OFF	0.667	0.333	0.333
440	1	ABA=1,	PLDalpha	Some/ON	1.0	1.0	0.333
441	0	ABA=0,	PLDdelta	OFF	0.333	0.667	0.667
442	1	ABA=1,	PLDdelta	Some/ON	1.0	1.0	0.667
443	1	ABA=1,	DAG	OFF/Some	1.0	0	0.0
468	1	ABA=0,PA=1,	RBOH	ON	0.333	0.333	0.333
475	1	ABA=0,PC=1,	RBOH	OFF	0.333	0.667	0.667
478	0	ABA=0,	OST1	OFF	0.333	0.667	0.667
479	1	ABA=1,	OST1	ON	1.0	1.0	0.667
480	4	ABA=0,ABI1=0,ABI2=0,HAB1=0,PP2CA=0,	OST1	OFF	1.0	0	0.0
481	5	ABA=1,ABI1=0,ABI2=0,HAB1=0,PP2CA=0,	OST1	ON	1.0	1.0	0.0
482	2	ABA=0,CPK23=0,CPK6=0,	OST1	OFF	0.333	0.667	0.296
483	3	ABA=1,CPK23=0,CPK6=0,	OST1	ON	1.0	1.0	0.296
484	1	ABA=0,CPK6=0,	OST1	OFF	0.333	0.667	0.444
485	2	ABA=1,CPK6=0,	OST1	ON	1.0	1.0	0.444
486	0	ABA=0,	ABI1	ON	0.0	0.0	0.0
487	1	ABA=1,	ABI1	OFF	0.0	1.0	0.0
488	0	ABA=0,	ABI2	ON	0.667	0.667	0.667
489	1	ABA=1,	ABI2	OFF	0.0	1.0	0.667
490	0	ABA=0,	HAB1	ON	0.667	0.667	0.667
491	1	ABA=1,	HAB1	OFF	0.0	1.0	0.667
492	0	ABA=0,	PP2CA	ON	0.667	0.667	0.667
493	1	ABA=1,	PP2CA	OFF	0.0	1.0	0.667
494	0	ABA=0,	H_ATPase	ON	0.333	0.333	0.333
495	1	ABA=1,	H_ATPase	OFF	0.0	1.0	0.333
496	0	ABA=0,	Malate	ON	0.667	0.667	0.667
497	1	ABA=1,	Malate	OFF	0.0	1.0	0.667
498	0	ABA=0,	InsP3	OFF	0.667	0.333	0.333
499	1	ABA=1,	InsP3	ON	1.0	1.0	0.333
500	0	ABA=0,	S1P_PhytoS1P	OFF	0.667	0.333	0.333
501	1	ABA=1,	S1P_PhytoS1P	ON	1.0	1.0	0.333
502	0	ABA=0,	SPHK1_2	OFF	0.667	0.333	0.333
503	1	ABA=1,	SPHK1_2	ON	1.0	1.0	0.333
504	0	ABA=0,	RCARs	OFF	0.0	1.0	1.0
505	1	ABA=1,	RCARs	ON	1.0	1.0	1.0
total							184.19875019051986
out of							505.0
