model name,N,max score,starting score,0,1,2,3,4,5,6,7,8,9,10,11,12,13,14,15,16,17,18,19,20,21,22,23,24,25,26,27,28,29,30,31,32,33,34,35,36,37,38,39,40,41,42,43,44,45,46,47,48,49,50,51,52,53,54,55,56,57,58,59,60,61,62,63,64,65,66,67,68,69,70,71,72,73,74,75,76,77,78,79,80,81,82,83,84,85,86,87,88,89,90,91,92,93,94,95,96,97,98,99,100
Aurora Kinase A in Neuroblastoma,23,115,67.7,90.9,90.9,95.5,96.0,99.0,100.0,102.0,103.0,104.0,104.0,104.3,105.0,105.0,105.8,107.3,107.3,107.3,107.3,107.3,107.3,108.3,108.3,111.0,111.0,111.0,111.0,111.0,111.0,111.0,111.0,111.0,111.0,,,,,,,,,,,,,,,,,,,,,,,,,,,,,,,,,,,,,,,,,,,,,,,,,,,,,,,,,,,,,,,,,,,,,
Aurora Kinase A in Neuroblastoma,23,115,35.0,94.0,97.0,98.0,104.0,104.0,107.0,108.0,108.0,109.0,109.0,109.0,109.0,109.0,109.0,110.0,110.0,110.8,110.8,110.8,111.8,111.8,111.8,111.8,112.0,112.0,112.0,112.0,112.0,112.0,112.0,112.0,112.0,112.0,,,,,,,,,,,,,,,,,,,,,,,,,,,,,,,,,,,,,,,,,,,,,,,,,,,,,,,,,,,,,,,,,,,,
Aurora Kinase A in Neuroblastoma,23,115,34.0,63.0,80.9,82.8,85.5,91.8,93.8,96.5,97.8,99.5,101.8,101.8,102.8,103.0,105.0,105.0,106.0,106.0,106.0,106.0,107.0,107.0,107.0,107.0,107.0,107.0,107.0,107.0,107.0,107.0,,,,,,,,,,,,,,,,,,,,,,,,,,,,,,,,,,,,,,,,,,,,,,,,,,,,,,,,,,,,,,,,,,,,,,,,
B cell differentiation,22,110,65.7,91.6,91.6,97.6,97.6,101.7,105.7,105.7,107.0,107.0,107.0,107.0,107.0,107.0,107.0,107.0,107.0,107.0,,,,,,,,,,,,,,,,,,,,,,,,,,,,,,,,,,,,,,,,,,,,,,,,,,,,,,,,,,,,,,,,,,,,,,,,,,,,,,,,,,,,
B cell differentiation,22,110,56.4,82.0,86.1,91.4,98.0,99.1,100.4,105.1,106.4,107.0,107.0,107.0,107.0,107.0,107.0,107.0,107.0,107.0,107.0,,,,,,,,,,,,,,,,,,,,,,,,,,,,,,,,,,,,,,,,,,,,,,,,,,,,,,,,,,,,,,,,,,,,,,,,,,,,,,,,,,,
B cell differentiation,22,110,93.3,102.3,105.3,108.0,109.0,109.0,109.0,109.0,109.0,109.0,109.0,109.0,109.0,109.0,,,,,,,,,,,,,,,,,,,,,,,,,,,,,,,,,,,,,,,,,,,,,,,,,,,,,,,,,,,,,,,,,,,,,,,,,,,,,,,,,,,,,,,,
BT474 Breast Cell Line Long-term ErbB Network,25,125,49.6,68.3,75.4,76.8,84.9,87.6,89.7,91.4,92.9,93.9,95.1,98.7,98.7,99.8,102.6,103.0,104.0,104.0,105.3,106.0,106.4,108.0,110.0,110.0,110.0,112.0,112.0,115.0,116.0,117.0,118.8,118.8,119.0,119.5,120.0,120.0,121.0,121.0,122.0,122.0,122.0,122.0,122.0,122.0,122.0,122.0,122.0,122.9,123.0,123.0,123.0,123.0,123.0,123.7,123.7,123.7,123.9,124.0,124.0,124.0,124.0,124.0,124.0,124.0,124.0,124.0,124.0,,,,,,,,,,,,,,,,,,,,,,,,,,,,,,,,,,,
BT474 Breast Cell Line Long-term ErbB Network,25,125,58.6,64.7,75.3,78.9,80.9,87.0,89.1,95.0,95.5,101.0,102.0,106.8,107.0,109.3,111.0,112.0,112.0,113.1,114.8,114.8,115.8,117.0,117.5,117.5,117.8,118.5,119.3,119.3,119.3,119.5,119.5,120.0,120.0,120.0,120.9,120.9,120.9,121.2,121.6,121.6,121.8,121.8,122.0,122.0,122.0,122.0,122.0,122.0,122.0,122.0,122.0,122.0,,,,,,,,,,,,,,,,,,,,,,,,,,,,,,,,,,,,,,,,,,,,,,,,,,
BT474 Breast Cell Line Long-term ErbB Network,25,125,52.6,66.9,68.9,73.2,77.6,91.0,93.0,98.2,98.4,103.3,106.0,108.3,110.5,111.2,113.7,113.7,113.7,114.2,114.7,115.0,115.7,115.8,116.5,116.5,117.1,117.1,117.6,117.6,119.8,119.8,119.9,119.9,119.9,120.0,120.0,120.0,120.0,120.0,120.0,120.0,120.0,120.0,120.0,,,,,,,,,,,,,,,,,,,,,,,,,,,,,,,,,,,,,,,,,,,,,,,,,,,,,,,,,,,
Death Receptor Signaling,28,140,91.0,99.0,99.0,101.0,104.0,105.0,106.0,108.0,109.0,109.3,109.3,109.3,110.0,110.0,110.0,111.0,111.0,111.0,111.0,111.0,111.0,111.0,111.0,111.0,111.0,,,,,,,,,,,,,,,,,,,,,,,,,,,,,,,,,,,,,,,,,,,,,,,,,,,,,,,,,,,,,,,,,,,,,,,,,,,,,
Death Receptor Signaling,28,140,25.0,48.0,68.3,90.7,91.0,98.0,104.3,112.1,112.1,113.8,116.0,116.0,117.0,117.0,117.0,118.0,118.0,120.2,120.2,120.7,123.2,125.0,127.5,129.5,129.5,129.5,131.0,131.5,131.5,131.5,133.0,133.0,133.0,133.3,133.3,134.3,135.3,135.3,136.5,136.5,136.5,136.5,136.5,136.5,137.5,137.5,137.5,137.5,137.5,137.5,137.5,137.5,137.5,137.5,,,,,,,,,,,,,,,,,,,,,,,,,,,,,,,,,,,,,,,,,,,,,,,,
Death Receptor Signaling,28,140,49.8,103.0,104.0,110.0,122.0,125.0,125.0,126.8,128.0,128.0,129.0,130.0,130.0,132.0,132.0,134.0,135.0,135.0,135.0,135.0,136.0,136.0,138.3,138.3,138.3,138.3,138.3,138.3,138.3,138.3,138.3,138.3,,,,,,,,,,,,,,,,,,,,,,,,,,,,,,,,,,,,,,,,,,,,,,,,,,,,,,,,,,,,,,,,,,,,,,
FA BRCA pathway,28,140,38.0,77.0,80.4,81.4,86.0,95.4,95.4,96.0,96.7,97.0,100.0,100.0,103.0,103.0,103.0,103.0,103.0,103.0,103.8,103.8,103.8,104.0,104.0,104.0,104.0,104.0,104.0,105.0,105.0,106.0,106.0,106.0,106.0,106.0,106.0,106.0,106.0,106.0,106.0,,,,,,,,,,,,,,,,,,,,,,,,,,,,,,,,,,,,,,,,,,,,,,,,,,,,,,,,,,,,,,,
FA BRCA pathway,28,140,42.0,54.0,83.0,83.0,107.0,112.0,112.0,115.3,117.0,119.3,120.3,121.3,122.0,122.0,122.0,123.0,123.0,124.0,124.0,125.0,125.0,125.0,125.0,126.0,127.0,127.0,127.0,127.0,127.0,127.0,127.0,127.0,127.0,127.0,,,,,,,,,,,,,,,,,,,,,,,,,,,,,,,,,,,,,,,,,,,,,,,,,,,,,,,,,,,,,,,,,,,,
FA BRCA pathway,28,140,62.0,94.0,95.5,96.5,98.5,100.5,100.5,101.0,102.0,102.0,102.0,102.0,103.0,103.0,103.0,104.0,108.0,109.0,109.0,109.0,112.7,112.7,112.7,113.4,113.4,113.4,113.7,113.7,113.7,113.7,113.7,113.7,113.7,113.7,113.7,113.7,,,,,,,,,,,,,,,,,,,,,,,,,,,,,,,,,,,,,,,,,,,,,,,,,,,,,,,,,,,,,,,,,,
FGF pathway of Drosophila Signalling Pathways,23,115,89.0,102.0,106.0,109.0,109.0,110.0,110.0,110.0,114.0,115.0,,,,,,,,,,,,,,,,,,,,,,,,,,,,,,,,,,,,,,,,,,,,,,,,,,,,,,,,,,,,,,,,,,,,,,,,,,,,,,,,,,,,,,,,,,,,
FGF pathway of Drosophila Signalling Pathways,23,115,93.0,103.0,105.0,105.0,109.0,109.0,110.0,110.0,110.0,110.0,110.0,110.0,110.0,110.0,110.0,110.0,,,,,,,,,,,,,,,,,,,,,,,,,,,,,,,,,,,,,,,,,,,,,,,,,,,,,,,,,,,,,,,,,,,,,,,,,,,,,,,,,,,,,,
FGF pathway of Drosophila Signalling Pathways,23,115,74.0,97.0,100.0,103.0,104.0,107.0,107.0,107.0,114.0,115.0,,,,,,,,,,,,,,,,,,,,,,,,,,,,,,,,,,,,,,,,,,,,,,,,,,,,,,,,,,,,,,,,,,,,,,,,,,,,,,,,,,,,,,,,,,,,
HCC1954 Breast Cell Line Long-term ErbB Network,25,125,57.9,65.7,67.2,73.8,74.5,76.7,78.7,81.0,82.0,83.0,83.9,84.0,86.1,86.3,87.0,87.0,88.6,90.9,90.9,92.1,92.1,92.7,93.6,93.6,94.5,96.1,96.1,97.3,97.4,98.2,104.3,105.1,105.5,107.4,108.2,109.7,110.7,112.6,112.8,112.8,112.8,114.7,114.7,114.8,114.8,115.4,115.7,115.8,115.8,116.5,116.6,116.6,116.7,117.7,117.7,118.9,118.9,120.4,120.4,120.4,120.4,120.4,120.4,120.5,120.5,120.5,120.5,120.5,120.5,120.5,120.5,120.5,120.6,120.6,120.6,120.6,120.6,120.6,120.6,120.6,120.6,120.6,,,,,,,,,,,,,,,,,,,,
HCC1954 Breast Cell Line Long-term ErbB Network,25,125,50.5,62.7,68.5,75.7,82.1,85.0,87.2,88.9,90.8,93.4,94.1,95.3,95.7,96.3,98.4,100.1,102.1,103.6,105.7,107.2,108.0,108.4,109.7,110.0,110.7,110.8,111.9,112.1,112.2,113.0,113.3,114.8,114.8,114.8,115.5,115.5,115.6,115.8,115.8,116.0,116.0,116.0,116.1,116.3,116.3,116.8,116.8,116.8,117.7,117.8,118.0,118.0,118.2,118.3,118.3,118.3,118.4,118.4,118.5,118.5,118.7,118.7,118.9,118.9,119.0,119.0,119.0,119.1,119.1,119.1,119.1,119.1,119.1,119.2,119.2,119.2,119.2,119.2,119.2,119.2,119.2,119.2,119.2,119.2,119.2,119.2,,,,,,,,,,,,,,,,
HCC1954 Breast Cell Line Long-term ErbB Network,25,125,55.2,66.0,73.6,80.6,83.4,87.1,87.7,88.9,91.7,93.1,96.6,98.7,101.1,101.5,103.1,103.1,107.3,107.3,107.9,108.1,109.5,110.9,110.9,110.9,111.4,111.5,111.7,111.8,112.8,113.2,114.2,114.2,114.3,114.4,114.4,114.6,114.6,115.1,115.1,115.1,115.1,115.1,115.1,115.6,115.6,115.6,115.6,115.6,115.7,115.7,115.7,115.7,115.7,115.7,115.7,115.7,115.7,115.7,,,,,,,,,,,,,,,,,,,,,,,,,,,,,,,,,,,,,,,,,,,,
HH Pathway of Drosophila Signaling Pathways,24,120,89.0,97.0,102.0,104.0,105.0,107.0,108.0,108.0,109.0,109.0,110.0,110.0,111.0,112.0,112.0,117.0,117.0,117.0,118.0,118.0,118.0,118.0,118.0,118.0,118.0,119.0,119.0,119.0,119.0,119.0,119.0,119.0,119.0,119.0,119.0,,,,,,,,,,,,,,,,,,,,,,,,,,,,,,,,,,,,,,,,,,,,,,,,,,,,,,,,,,,,,,,,,,,
HH Pathway of Drosophila Signaling Pathways,24,120,65.0,81.0,87.0,93.0,93.0,96.0,101.0,108.0,109.0,111.0,112.0,112.0,113.0,113.0,113.0,114.0,114.0,114.0,114.0,114.0,114.0,114.0,114.0,114.0,114.0,,,,,,,,,,,,,,,,,,,,,,,,,,,,,,,,,,,,,,,,,,,,,,,,,,,,,,,,,,,,,,,,,,,,,,,,,,,,,
HH Pathway of Drosophila Signaling Pathways,24,120,58.0,89.0,92.0,97.0,100.0,101.0,104.0,106.0,107.0,109.0,110.0,112.0,112.0,113.0,113.0,113.0,114.0,115.0,115.0,115.0,115.0,115.0,115.0,115.0,115.0,115.0,115.0,,,,,,,,,,,,,,,,,,,,,,,,,,,,,,,,,,,,,,,,,,,,,,,,,,,,,,,,,,,,,,,,,,,,,,,,,,,
Iron acquisition and oxidative stress response in aspergillus fumigatus,22,110,85.0,92.0,94.0,98.0,102.0,102.0,104.0,104.0,105.0,105.0,105.0,106.0,106.0,106.0,106.0,106.0,106.0,106.0,106.0,106.0,106.0,,,,,,,,,,,,,,,,,,,,,,,,,,,,,,,,,,,,,,,,,,,,,,,,,,,,,,,,,,,,,,,,,,,,,,,,,,,,,,,,,
Iron acquisition and oxidative stress response in aspergillus fumigatus,22,110,39.5,72.5,84.0,84.0,86.0,86.0,86.5,86.5,87.0,87.0,87.0,87.0,87.0,87.0,87.0,87.0,87.0,87.0,,,,,,,,,,,,,,,,,,,,,,,,,,,,,,,,,,,,,,,,,,,,,,,,,,,,,,,,,,,,,,,,,,,,,,,,,,,,,,,,,,,,
Iron acquisition and oxidative stress response in aspergillus fumigatus,22,110,42.5,82.8,91.1,94.1,97.0,99.0,102.0,103.0,103.0,104.0,106.0,107.0,107.0,108.0,108.0,108.0,108.0,108.0,108.0,108.0,108.0,108.0,108.0,,,,,,,,,,,,,,,,,,,,,,,,,,,,,,,,,,,,,,,,,,,,,,,,,,,,,,,,,,,,,,,,,,,,,,,,,,,,,,,
Pro-inflammatory Tumor Microenvironment in Acute Lymphoblastic Leukemia,26,130,66.0,88.0,93.0,95.0,98.0,100.0,101.0,104.0,107.0,109.0,113.0,114.0,114.0,115.0,115.0,115.0,116.0,116.0,116.0,116.0,116.0,116.0,116.0,116.0,116.0,116.0,,,,,,,,,,,,,,,,,,,,,,,,,,,,,,,,,,,,,,,,,,,,,,,,,,,,,,,,,,,,,,,,,,,,,,,,,,,,
Pro-inflammatory Tumor Microenvironment in Acute Lymphoblastic Leukemia,26,130,82.0,97.0,99.0,101.0,102.0,103.0,104.0,105.0,105.0,105.0,106.0,106.0,106.0,107.0,107.0,107.0,107.0,107.0,107.0,107.0,107.0,107.0,107.0,,,,,,,,,,,,,,,,,,,,,,,,,,,,,,,,,,,,,,,,,,,,,,,,,,,,,,,,,,,,,,,,,,,,,,,,,,,,,,,
Pro-inflammatory Tumor Microenvironment in Acute Lymphoblastic Leukemia,26,130,66.0,77.0,78.0,78.0,83.0,84.0,92.0,98.0,98.0,100.0,104.0,104.0,106.0,106.0,106.0,107.0,108.0,108.0,108.0,110.0,111.0,111.0,111.0,111.0,111.0,112.0,112.0,112.0,112.0,112.0,112.0,112.0,112.0,112.0,112.0,,,,,,,,,,,,,,,,,,,,,,,,,,,,,,,,,,,,,,,,,,,,,,,,,,,,,,,,,,,,,,,,,,,
Processing of Spz Network from the Drosophila Signaling Pathway,24,120,93.0,102.0,106.0,110.0,110.0,114.0,116.0,116.0,116.0,116.0,116.0,116.0,116.0,116.0,116.0,116.0,,,,,,,,,,,,,,,,,,,,,,,,,,,,,,,,,,,,,,,,,,,,,,,,,,,,,,,,,,,,,,,,,,,,,,,,,,,,,,,,,,,,,,
Processing of Spz Network from the Drosophila Signaling Pathway,24,120,107.0,114.0,114.0,115.0,116.0,116.0,118.0,120.0,,,,,,,,,,,,,,,,,,,,,,,,,,,,,,,,,,,,,,,,,,,,,,,,,,,,,,,,,,,,,,,,,,,,,,,,,,,,,,,,,,,,,,,,,,,,,,
Processing of Spz Network from the Drosophila Signaling Pathway,24,120,91.0,104.0,104.0,105.0,107.0,115.0,118.0,119.0,119.0,120.0,,,,,,,,,,,,,,,,,,,,,,,,,,,,,,,,,,,,,,,,,,,,,,,,,,,,,,,,,,,,,,,,,,,,,,,,,,,,,,,,,,,,,,,,,,,,
SKBR3 Breast Cell Line Long-term ErbB Network,25,125,32.9,46.3,48.2,53.7,57.9,69.9,73.4,79.7,79.7,83.5,85.3,88.2,89.8,91.7,94.0,96.0,97.0,99.1,100.1,100.6,101.9,103.2,106.5,107.0,107.5,108.5,109.2,110.2,114.3,114.5,114.5,115.1,115.2,115.6,115.6,115.6,115.6,115.8,115.8,115.8,115.8,116.4,116.6,116.8,116.8,116.8,116.8,117.1,117.1,117.1,117.1,117.1,117.1,117.1,117.1,117.1,117.1,,,,,,,,,,,,,,,,,,,,,,,,,,,,,,,,,,,,,,,,,,,,,
SKBR3 Breast Cell Line Long-term ErbB Network,25,125,41.6,67.4,67.4,70.7,79.2,80.9,85.3,85.5,86.3,90.3,91.0,95.1,96.5,99.6,99.9,100.0,101.1,102.0,102.1,103.7,103.9,104.3,105.6,105.6,106.6,106.6,106.6,106.6,106.6,106.6,106.6,106.6,106.6,106.6,106.6,106.7,106.7,106.7,106.7,106.7,106.7,106.7,106.7,106.7,107.0,107.0,107.1,107.1,107.2,107.2,107.4,107.4,107.4,107.4,107.6,107.6,107.6,107.6,107.6,107.6,107.7,107.7,107.7,107.7,107.7,107.7,107.8,107.9,107.9,107.9,107.9,107.9,107.9,107.9,107.9,107.9,107.9,107.9,107.9,107.9,107.9,107.9,108.2,108.2,108.6,108.6,108.6,108.6,108.6,108.6,108.6,108.6,108.6,108.6,108.6,108.6,108.6,108.6,108.6,108.6,108.6,108.6
SKBR3 Breast Cell Line Long-term ErbB Network,25,125,48.0,57.3,65.4,66.7,68.7,72.4,73.9,76.2,79.4,83.7,83.8,87.4,90.6,90.6,91.8,94.9,96.5,97.2,97.5,97.5,100.4,101.1,101.7,104.9,104.9,105.2,106.7,108.1,109.7,110.0,110.2,111.1,111.9,111.9,112.3,112.9,113.8,114.2,114.4,115.1,115.4,115.6,115.6,116.4,116.4,116.4,116.4,116.4,116.4,116.5,117.5,117.8,117.8,117.9,118.0,118.0,118.0,118.0,118.0,118.0,118.0,118.0,118.0,118.0,118.0,118.0,,,,,,,,,,,,,,,,,,,,,,,,,,,,,,,,,,,,
T cell differentiation,23,115,80.0,86.0,92.0,99.0,102.0,108.0,109.0,109.0,111.0,111.0,111.0,111.0,111.0,111.0,111.0,112.0,113.0,114.0,115.0,,,,,,,,,,,,,,,,,,,,,,,,,,,,,,,,,,,,,,,,,,,,,,,,,,,,,,,,,,,,,,,,,,,,,,,,,,,,,,,,,,,
T cell differentiation,23,115,55.0,74.0,87.7,89.7,97.0,102.0,108.0,108.0,109.0,111.0,111.0,112.0,112.0,112.8,113.0,113.0,113.0,113.0,113.0,113.0,114.0,114.0,114.0,114.0,114.0,114.0,114.0,114.0,114.0,114.0,,,,,,,,,,,,,,,,,,,,,,,,,,,,,,,,,,,,,,,,,,,,,,,,,,,,,,,,,,,,,,,,,,,,,,,,
T cell differentiation,23,115,77.0,85.0,85.0,91.0,94.7,98.0,98.0,101.0,105.0,105.0,107.0,110.0,111.0,113.0,113.0,115.0,,,,,,,,,,,,,,,,,,,,,,,,,,,,,,,,,,,,,,,,,,,,,,,,,,,,,,,,,,,,,,,,,,,,,,,,,,,,,,,,,,,,,,
TOL Regulatory Network,24,120,100.0,103.0,103.0,104.0,107.0,107.0,108.0,108.0,108.0,108.0,108.0,109.0,109.0,110.0,110.0,110.0,110.0,110.0,111.0,111.0,111.0,111.0,111.0,111.0,111.0,111.0,111.0,111.0,,,,,,,,,,,,,,,,,,,,,,,,,,,,,,,,,,,,,,,,,,,,,,,,,,,,,,,,,,,,,,,,,,,,,,,,,,
TOL Regulatory Network,24,120,98.0,102.0,105.0,106.0,106.0,107.0,107.0,107.0,107.0,108.0,109.0,110.0,111.0,111.0,111.0,112.0,112.0,113.0,113.0,113.0,113.0,113.0,113.0,113.0,114.0,114.0,114.0,115.0,115.0,115.0,115.0,115.0,115.0,115.0,115.0,115.0,115.0,,,,,,,,,,,,,,,,,,,,,,,,,,,,,,,,,,,,,,,,,,,,,,,,,,,,,,,,,,,,,,,,,
TOL Regulatory Network,24,120,106.0,111.0,113.0,114.0,115.0,115.0,116.0,117.0,117.0,117.0,117.0,117.0,117.0,117.0,117.0,118.0,118.0,118.0,119.0,119.0,119.0,119.0,119.0,119.0,119.0,119.0,119.0,119.0,,,,,,,,,,,,,,,,,,,,,,,,,,,,,,,,,,,,,,,,,,,,,,,,,,,,,,,,,,,,,,,,,,,,,,,,,,
Trichostrongylus retortaeformis,26,130,23.0,66.0,67.5,73.4,82.8,85.8,88.0,99.0,103.0,106.0,107.0,107.0,109.0,110.0,112.0,112.0,112.0,112.0,112.0,112.7,114.0,114.7,115.0,115.0,115.0,115.0,116.0,116.0,116.0,116.0,116.0,116.0,116.0,116.0,116.0,116.0,,,,,,,,,,,,,,,,,,,,,,,,,,,,,,,,,,,,,,,,,,,,,,,,,,,,,,,,,,,,,,,,,,
Trichostrongylus retortaeformis,26,130,38.8,51.8,63.0,69.2,77.3,78.0,82.1,82.1,83.1,85.7,85.7,102.7,104.8,105.6,105.8,109.4,112.1,112.1,113.1,115.5,116.0,116.0,116.0,116.0,117.8,117.8,117.8,117.8,117.8,117.8,117.8,117.8,117.8,117.8,,,,,,,,,,,,,,,,,,,,,,,,,,,,,,,,,,,,,,,,,,,,,,,,,,,,,,,,,,,,,,,,,,,,
Trichostrongylus retortaeformis,26,130,50.0,83.0,95.5,95.8,99.3,100.8,102.9,104.8,105.0,107.0,107.8,110.0,111.0,111.0,115.0,115.0,116.0,116.0,116.0,116.0,116.0,116.0,116.0,116.0,116.0,116.0,,,,,,,,,,,,,,,,,,,,,,,,,,,,,,,,,,,,,,,,,,,,,,,,,,,,,,,,,,,,,,,,,,,,,,,,,,,,
Wg Pathway of Drosophila Signalling Pathways,26,130,88.0,103.0,106.0,118.0,123.0,123.0,126.0,127.0,127.0,127.0,128.0,128.0,128.0,128.0,129.0,129.0,129.0,129.0,129.0,129.0,129.0,129.0,129.0,129.0,,,,,,,,,,,,,,,,,,,,,,,,,,,,,,,,,,,,,,,,,,,,,,,,,,,,,,,,,,,,,,,,,,,,,,,,,,,,,,
Wg Pathway of Drosophila Signalling Pathways,26,130,56.0,78.0,83.0,93.0,96.0,101.0,104.0,107.0,113.0,113.0,114.0,121.0,124.0,126.0,127.0,128.0,130.0,,,,,,,,,,,,,,,,,,,,,,,,,,,,,,,,,,,,,,,,,,,,,,,,,,,,,,,,,,,,,,,,,,,,,,,,,,,,,,,,,,,,,
Wg Pathway of Drosophila Signalling Pathways,26,130,108.0,118.0,126.0,126.0,129.0,129.0,129.0,129.0,129.0,129.0,129.0,129.0,129.0,129.0,,,,,,,,,,,,,,,,,,,,,,,,,,,,,,,,,,,,,,,,,,,,,,,,,,,,,,,,,,,,,,,,,,,,,,,,,,,,,,,,,,,,,,,,
BT474 Breast Cell Line Short-term ErbB Network,16,80,23.4,34.4,45.3,49.3,53.3,56.0,57.7,58.3,58.7,59.5,60.5,60.7,61.8,63.4,64.0,65.3,65.6,68.7,68.7,69.0,69.0,70.7,72.7,73.0,73.0,73.0,73.0,73.7,74.0,74.0,74.0,75.0,75.0,75.0,76.0,76.0,76.0,76.0,76.0,77.0,77.0,77.0,77.0,77.0,77.0,77.0,77.0,77.0,77.0,,,,,,,,,,,,,,,,,,,,,,,,,,,,,,,,,,,,,,,,,,,,,,,,,,,,,
BT474 Breast Cell Line Short-term ErbB Network,16,80,48.5,55.3,58.3,60.3,62.7,65.7,68.7,71.8,73.8,74.0,74.8,74.9,74.9,75.2,75.6,75.8,75.8,75.8,75.8,75.8,75.8,75.8,75.8,75.8,75.8,75.8,75.8,75.8,75.8,75.8,,,,,,,,,,,,,,,,,,,,,,,,,,,,,,,,,,,,,,,,,,,,,,,,,,,,,,,,,,,,,,,,,,,,,,,,
BT474 Breast Cell Line Short-term ErbB Network,16,80,28.0,36.0,37.0,44.0,48.7,50.1,53.9,56.8,63.7,63.7,65.7,66.7,68.0,69.0,71.2,71.2,72.3,72.5,74.0,74.0,75.8,76.3,77.0,77.0,78.0,78.0,78.0,78.0,78.1,78.8,78.8,79.0,79.0,79.0,79.0,79.0,79.0,79.0,79.0,79.0,79.0,,,,,,,,,,,,,,,,,,,,,,,,,,,,,,,,,,,,,,,,,,,,,,,,,,,,,,,,,,,,,
Budding Yeast Cell Cycle 2009,18,90,25.0,31.8,41.0,59.1,66.0,66.0,68.0,71.0,74.0,75.0,75.0,77.0,78.0,80.0,81.0,81.7,84.7,85.7,85.7,86.7,87.0,88.7,89.0,89.0,90.0,,,,,,,,,,,,,,,,,,,,,,,,,,,,,,,,,,,,,,,,,,,,,,,,,,,,,,,,,,,,,,,,,,,,,,,,,,,,,
Budding Yeast Cell Cycle 2009,18,90,21.0,51.5,62.5,63.5,65.7,65.7,67.3,67.3,69.4,69.8,69.8,72.0,73.0,73.0,73.0,73.0,73.0,73.0,73.3,73.3,73.3,74.0,74.3,75.0,76.0,76.0,77.0,77.0,77.0,77.0,77.0,77.0,77.0,77.0,77.0,77.0,,,,,,,,,,,,,,,,,,,,,,,,,,,,,,,,,,,,,,,,,,,,,,,,,,,,,,,,,,,,,,,,,,
Budding Yeast Cell Cycle 2009,18,90,3.0,29.4,37.5,46.8,53.0,57.2,57.2,57.7,58.2,58.4,60.2,60.9,61.2,61.2,61.3,61.4,61.7,61.7,63.4,63.6,64.4,67.1,67.1,67.1,68.1,68.1,68.1,68.1,68.2,68.2,68.3,68.3,68.3,68.3,68.3,68.5,68.5,68.5,68.8,68.8,68.8,68.8,68.8,68.8,68.8,68.8,68.8,68.8,,,,,,,,,,,,,,,,,,,,,,,,,,,,,,,,,,,,,,,,,,,,,,,,,,,,,,
Budding Yeast Cell Cycle,20,100,57.0,63.0,67.0,73.0,75.0,80.0,85.0,86.0,86.0,86.0,86.0,86.0,86.0,87.0,87.0,88.0,88.0,88.0,88.0,88.0,88.0,88.0,89.0,89.0,90.0,90.0,90.0,90.0,90.0,90.0,90.0,90.0,90.0,90.0,,,,,,,,,,,,,,,,,,,,,,,,,,,,,,,,,,,,,,,,,,,,,,,,,,,,,,,,,,,,,,,,,,,,
Budding Yeast Cell Cycle,20,100,57.0,65.0,71.0,73.0,79.0,79.0,84.0,84.0,84.0,93.0,93.0,94.0,94.0,94.0,95.0,95.0,95.0,95.0,95.0,95.0,95.0,95.0,96.0,96.0,97.0,99.0,99.0,99.0,99.0,100.0,,,,,,,,,,,,,,,,,,,,,,,,,,,,,,,,,,,,,,,,,,,,,,,,,,,,,,,,,,,,,,,,,,,,,,,,
Budding Yeast Cell Cycle,20,100,33.0,51.0,55.0,60.0,62.0,69.0,73.0,78.0,78.0,83.0,83.0,83.0,83.0,85.0,86.0,89.0,89.0,90.0,90.0,90.0,92.0,93.0,95.0,95.0,96.0,96.0,96.0,96.0,96.0,96.0,96.0,96.0,96.0,96.0,,,,,,,,,,,,,,,,,,,,,,,,,,,,,,,,,,,,,,,,,,,,,,,,,,,,,,,,,,,,,,,,,,,,
Cardiac development,15,75,58.0,63.0,65.0,67.0,68.0,71.0,72.0,73.0,73.0,73.0,74.0,74.0,75.0,,,,,,,,,,,,,,,,,,,,,,,,,,,,,,,,,,,,,,,,,,,,,,,,,,,,,,,,,,,,,,,,,,,,,,,,,,,,,,,,,,,,,,,,,
Cardiac development,15,75,55.0,60.0,62.0,64.0,69.0,69.0,71.0,72.0,72.0,73.0,73.0,74.0,74.0,75.0,,,,,,,,,,,,,,,,,,,,,,,,,,,,,,,,,,,,,,,,,,,,,,,,,,,,,,,,,,,,,,,,,,,,,,,,,,,,,,,,,,,,,,,,
Cardiac development,15,75,53.0,57.0,60.0,63.0,66.0,67.0,69.0,69.0,70.0,70.0,70.0,70.0,70.0,70.0,70.0,70.0,70.0,70.0,,,,,,,,,,,,,,,,,,,,,,,,,,,,,,,,,,,,,,,,,,,,,,,,,,,,,,,,,,,,,,,,,,,,,,,,,,,,,,,,,,,,
CD4+ T Cell Differentiation and Plasticity,18,90,26.5,48.0,48.0,48.5,54.8,54.8,58.0,60.0,63.0,63.0,65.0,65.0,65.8,67.0,67.0,67.3,67.3,68.0,68.3,68.3,68.3,68.3,68.3,68.3,68.3,68.3,68.3,68.3,,,,,,,,,,,,,,,,,,,,,,,,,,,,,,,,,,,,,,,,,,,,,,,,,,,,,,,,,,,,,,,,,,,,,,,,,,
CD4+ T Cell Differentiation and Plasticity,18,90,60.0,67.0,67.0,67.0,67.7,67.7,68.7,69.6,70.5,70.7,72.3,73.0,74.0,74.0,74.4,75.0,75.4,75.4,75.4,76.0,76.0,76.0,76.0,76.0,76.0,76.0,76.4,77.0,77.0,77.0,77.0,77.7,77.7,77.7,77.7,77.7,77.7,77.7,78.9,79.0,79.0,79.0,79.3,79.3,79.3,79.3,79.3,79.3,79.3,79.3,79.3,79.3,,,,,,,,,,,,,,,,,,,,,,,,,,,,,,,,,,,,,,,,,,,,,,,,,,
CD4+ T Cell Differentiation and Plasticity,18,90,38.1,47.9,51.4,52.4,53.8,56.3,59.8,61.0,61.0,61.0,61.0,64.2,64.2,67.7,67.7,67.7,67.9,68.5,69.6,69.7,69.8,71.7,72.7,73.3,73.3,73.4,73.6,74.0,74.6,74.8,75.8,76.0,77.4,77.4,78.0,78.1,78.1,78.1,78.1,78.1,78.3,78.3,78.4,78.4,78.4,78.4,78.4,78.4,78.4,78.4,78.4,78.4,78.4,78.4,78.4,78.4,78.4,78.4,78.4,78.4,78.4,78.4,,,,,,,,,,,,,,,,,,,,,,,,,,,,,,,,,,,,,,,,
Cell Cycle Transcription by Coupled CDK and Network Oscillators,9,45,10.0,38.0,39.0,40.0,41.0,43.0,44.0,45.0,,,,,,,,,,,,,,,,,,,,,,,,,,,,,,,,,,,,,,,,,,,,,,,,,,,,,,,,,,,,,,,,,,,,,,,,,,,,,,,,,,,,,,,,,,,,,,
Cell Cycle Transcription by Coupled CDK and Network Oscillators,9,45,0.0,8.0,8.0,8.0,8.0,8.0,29.0,29.0,42.0,42.0,42.0,42.0,42.0,42.0,42.0,43.0,43.0,43.0,43.0,43.0,43.0,43.0,43.0,43.0,43.0,,,,,,,,,,,,,,,,,,,,,,,,,,,,,,,,,,,,,,,,,,,,,,,,,,,,,,,,,,,,,,,,,,,,,,,,,,,,,
Cell Cycle Transcription by Coupled CDK and Network Oscillators,9,45,2.0,4.0,4.0,4.0,4.0,4.0,4.0,4.0,4.0,33.0,33.0,36.0,36.0,41.0,42.0,42.0,43.0,43.0,43.0,43.0,43.0,44.0,44.0,44.0,44.0,44.0,44.0,44.0,44.0,44.0,44.0,,,,,,,,,,,,,,,,,,,,,,,,,,,,,,,,,,,,,,,,,,,,,,,,,,,,,,,,,,,,,,,,,,,,,,,
Cortical Area Development,5,25,20.0,21.0,21.0,21.0,23.0,23.0,24.0,24.0,25.0,,,,,,,,,,,,,,,,,,,,,,,,,,,,,,,,,,,,,,,,,,,,,,,,,,,,,,,,,,,,,,,,,,,,,,,,,,,,,,,,,,,,,,,,,,,,,
Cortical Area Development,5,25,22.0,23.0,23.0,23.0,23.0,23.0,23.0,23.0,24.0,24.0,24.0,24.0,24.0,24.0,24.0,24.0,24.0,24.0,,,,,,,,,,,,,,,,,,,,,,,,,,,,,,,,,,,,,,,,,,,,,,,,,,,,,,,,,,,,,,,,,,,,,,,,,,,,,,,,,,,,
Cortical Area Development,5,25,20.0,23.0,23.0,23.0,24.0,25.0,,,,,,,,,,,,,,,,,,,,,,,,,,,,,,,,,,,,,,,,,,,,,,,,,,,,,,,,,,,,,,,,,,,,,,,,,,,,,,,,,,,,,,,,,,,,,,,,
Fanconi anemia and checkpoint recovery,15,75,22.0,43.0,47.0,56.0,60.0,60.0,63.0,63.0,63.0,63.0,63.0,63.0,63.0,64.0,65.0,65.0,65.0,65.0,65.0,65.0,66.0,66.0,66.0,66.0,66.0,66.0,66.0,66.0,66.0,66.0,,,,,,,,,,,,,,,,,,,,,,,,,,,,,,,,,,,,,,,,,,,,,,,,,,,,,,,,,,,,,,,,,,,,,,,,
Fanconi anemia and checkpoint recovery,15,75,41.0,54.0,56.0,58.0,58.0,60.0,63.5,65.3,65.3,65.3,65.3,65.3,65.3,66.0,66.0,66.0,66.0,66.0,66.0,68.0,68.0,69.0,69.0,69.0,70.0,70.0,70.0,70.0,70.0,70.0,70.0,70.0,70.0,70.0,,,,,,,,,,,,,,,,,,,,,,,,,,,,,,,,,,,,,,,,,,,,,,,,,,,,,,,,,,,,,,,,,,,,
Fanconi anemia and checkpoint recovery,15,75,2.0,27.0,36.0,42.0,47.0,56.0,56.0,59.0,59.0,59.0,60.0,61.0,62.0,62.0,62.0,62.0,62.0,62.0,62.0,62.0,62.0,62.0,,,,,,,,,,,,,,,,,,,,,,,,,,,,,,,,,,,,,,,,,,,,,,,,,,,,,,,,,,,,,,,,,,,,,,,,,,,,,,,,
HCC1954 Breast Cell Line Short-term ErbB Network,16,80,43.7,49.2,54.5,58.2,60.7,64.2,65.2,66.1,67.0,69.0,69.0,71.0,72.0,72.0,72.0,72.0,72.0,72.0,73.8,73.8,73.8,73.8,74.0,74.0,74.0,74.0,75.0,75.0,75.0,77.0,77.0,77.0,77.0,77.0,77.0,77.0,77.0,77.0,77.0,,,,,,,,,,,,,,,,,,,,,,,,,,,,,,,,,,,,,,,,,,,,,,,,,,,,,,,,,,,,,,,
HCC1954 Breast Cell Line Short-term ErbB Network,16,80,34.0,39.0,43.0,45.9,48.1,53.0,53.0,54.9,57.0,58.5,59.0,60.2,61.0,61.0,64.2,68.1,68.1,69.4,70.4,71.4,71.5,72.8,73.5,73.8,73.8,73.8,73.8,74.8,74.8,75.0,75.0,75.0,75.0,75.0,75.0,75.0,75.0,75.0,75.0,,,,,,,,,,,,,,,,,,,,,,,,,,,,,,,,,,,,,,,,,,,,,,,,,,,,,,,,,,,,,,,
HCC1954 Breast Cell Line Short-term ErbB Network,16,80,33.1,43.1,45.7,50.0,56.3,57.0,58.0,60.0,60.3,61.3,62.0,62.0,63.0,65.0,65.0,66.8,67.4,68.0,68.5,69.0,69.0,70.0,70.0,70.0,71.7,72.0,73.0,75.0,76.0,76.0,76.0,76.0,76.1,76.3,77.0,77.0,77.0,77.0,77.0,77.0,77.2,77.2,77.6,78.0,78.0,78.0,78.0,78.0,78.0,78.0,78.0,78.0,78.0,,,,,,,,,,,,,,,,,,,,,,,,,,,,,,,,,,,,,,,,,,,,,,,,,
Human Gonadal Sex Determination,19,95,60.6,73.8,73.8,81.2,85.1,85.3,85.7,86.5,86.5,86.5,87.5,87.8,88.0,88.0,88.0,88.0,88.0,88.0,88.0,88.0,88.0,88.0,,,,,,,,,,,,,,,,,,,,,,,,,,,,,,,,,,,,,,,,,,,,,,,,,,,,,,,,,,,,,,,,,,,,,,,,,,,,,,,,
Human Gonadal Sex Determination,19,95,39.2,62.0,69.0,71.0,76.0,78.8,78.8,82.0,82.0,83.3,83.3,84.3,85.0,85.0,88.0,88.0,88.0,88.0,88.0,88.0,88.0,88.0,88.0,88.0,,,,,,,,,,,,,,,,,,,,,,,,,,,,,,,,,,,,,,,,,,,,,,,,,,,,,,,,,,,,,,,,,,,,,,,,,,,,,,
Human Gonadal Sex Determination,19,95,44.0,63.4,67.4,73.3,75.0,75.0,75.5,77.0,78.8,80.1,80.1,80.8,81.1,83.0,83.3,84.0,84.0,84.0,84.0,84.0,84.0,84.0,84.0,85.0,85.0,85.0,85.0,85.0,85.0,85.0,85.0,85.0,85.0,,,,,,,,,,,,,,,,,,,,,,,,,,,,,,,,,,,,,,,,,,,,,,,,,,,,,,,,,,,,,,,,,,,,,
Lac Operon,13,65,41.0,46.0,49.0,51.0,53.0,56.0,56.0,57.0,57.0,58.0,58.0,58.0,58.0,59.0,59.0,59.0,59.0,59.0,59.0,59.0,59.0,59.0,59.0,,,,,,,,,,,,,,,,,,,,,,,,,,,,,,,,,,,,,,,,,,,,,,,,,,,,,,,,,,,,,,,,,,,,,,,,,,,,,,,
Lac Operon,13,65,50.0,53.0,53.0,53.0,55.0,55.0,56.0,56.0,56.0,56.0,56.0,56.0,56.0,56.0,56.0,56.0,,,,,,,,,,,,,,,,,,,,,,,,,,,,,,,,,,,,,,,,,,,,,,,,,,,,,,,,,,,,,,,,,,,,,,,,,,,,,,,,,,,,,,
Lac Operon,13,65,51.0,55.0,59.0,60.0,62.0,62.0,62.0,63.0,63.0,64.0,64.0,64.0,64.0,64.0,64.0,64.0,64.0,64.0,64.0,,,,,,,,,,,,,,,,,,,,,,,,,,,,,,,,,,,,,,,,,,,,,,,,,,,,,,,,,,,,,,,,,,,,,,,,,,,,,,,,,,,
Mammalian Cell Cycle 2006,10,50,7.0,20.0,23.0,26.0,27.0,29.0,31.0,34.0,37.0,38.0,40.0,41.0,42.7,43.0,43.2,45.0,46.0,47.0,47.0,47.0,47.0,47.0,47.0,47.0,47.0,47.0,47.0,,,,,,,,,,,,,,,,,,,,,,,,,,,,,,,,,,,,,,,,,,,,,,,,,,,,,,,,,,,,,,,,,,,,,,,,,,,
Mammalian Cell Cycle 2006,10,50,7.0,14.0,22.0,22.8,25.8,33.0,37.0,37.0,42.0,43.0,44.0,45.0,45.0,46.0,46.8,47.8,47.8,47.8,47.8,47.8,47.8,47.8,47.8,47.8,47.8,,,,,,,,,,,,,,,,,,,,,,,,,,,,,,,,,,,,,,,,,,,,,,,,,,,,,,,,,,,,,,,,,,,,,,,,,,,,,
Mammalian Cell Cycle 2006,10,50,14.0,18.0,21.0,21.5,26.8,32.0,33.8,34.8,34.8,37.0,38.0,38.0,40.0,41.0,43.0,43.0,43.0,44.0,44.0,45.0,45.0,45.0,46.0,46.0,46.0,47.0,47.0,47.0,47.0,47.0,48.0,48.0,49.0,49.0,49.0,49.0,49.0,49.0,49.8,50.0,,,,,,,,,,,,,,,,,,,,,,,,,,,,,,,,,,,,,,,,,,,,,,,,,,,,,,,,,,,,,,
Mammalian Cell Cycle,20,100,35.0,60.0,64.0,68.0,73.0,79.0,83.0,83.0,87.0,90.0,90.0,91.0,91.0,94.0,95.0,97.0,98.0,98.0,98.0,98.0,100.0,,,,,,,,,,,,,,,,,,,,,,,,,,,,,,,,,,,,,,,,,,,,,,,,,,,,,,,,,,,,,,,,,,,,,,,,,,,,,,,,,
Mammalian Cell Cycle,20,100,48.0,80.0,83.0,86.0,87.0,88.0,89.0,89.0,91.0,93.0,93.0,93.0,93.0,93.0,94.0,94.0,95.0,95.0,95.0,95.0,95.0,95.0,95.0,95.0,95.0,95.0,,,,,,,,,,,,,,,,,,,,,,,,,,,,,,,,,,,,,,,,,,,,,,,,,,,,,,,,,,,,,,,,,,,,,,,,,,,,
Mammalian Cell Cycle,20,100,56.0,88.0,90.0,92.0,94.0,96.0,99.0,99.0,99.0,99.0,99.0,99.0,99.0,99.0,99.0,99.0,,,,,,,,,,,,,,,,,,,,,,,,,,,,,,,,,,,,,,,,,,,,,,,,,,,,,,,,,,,,,,,,,,,,,,,,,,,,,,,,,,,,,,
Metabolic Interactions in the Gut Microbiome,12,60,41.5,49.3,50.3,51.3,52.3,56.7,58.0,59.0,59.0,60.0,,,,,,,,,,,,,,,,,,,,,,,,,,,,,,,,,,,,,,,,,,,,,,,,,,,,,,,,,,,,,,,,,,,,,,,,,,,,,,,,,,,,,,,,,,,,
Metabolic Interactions in the Gut Microbiome,12,60,37.7,49.7,53.0,54.0,56.0,56.0,56.0,56.0,56.0,56.0,57.0,57.0,57.0,57.0,57.0,57.0,59.0,59.0,59.0,59.0,59.0,59.0,59.0,59.0,59.0,59.0,,,,,,,,,,,,,,,,,,,,,,,,,,,,,,,,,,,,,,,,,,,,,,,,,,,,,,,,,,,,,,,,,,,,,,,,,,,,
Metabolic Interactions in the Gut Microbiome,12,60,57.0,58.0,58.0,59.0,59.0,60.0,,,,,,,,,,,,,,,,,,,,,,,,,,,,,,,,,,,,,,,,,,,,,,,,,,,,,,,,,,,,,,,,,,,,,,,,,,,,,,,,,,,,,,,,,,,,,,,,
Neurotransmitter Signaling Pathway,16,80,12.0,36.0,41.0,41.0,53.0,53.0,53.0,53.0,80.0,,,,,,,,,,,,,,,,,,,,,,,,,,,,,,,,,,,,,,,,,,,,,,,,,,,,,,,,,,,,,,,,,,,,,,,,,,,,,,,,,,,,,,,,,,,,,
Neurotransmitter Signaling Pathway,16,80,29.0,55.0,68.0,68.0,68.0,68.0,68.0,76.0,76.0,80.0,,,,,,,,,,,,,,,,,,,,,,,,,,,,,,,,,,,,,,,,,,,,,,,,,,,,,,,,,,,,,,,,,,,,,,,,,,,,,,,,,,,,,,,,,,,,
Neurotransmitter Signaling Pathway,16,80,46.0,51.0,54.0,54.0,58.0,58.0,58.0,75.0,75.0,75.0,75.0,75.0,75.0,75.0,80.0,,,,,,,,,,,,,,,,,,,,,,,,,,,,,,,,,,,,,,,,,,,,,,,,,,,,,,,,,,,,,,,,,,,,,,,,,,,,,,,,,,,,,,,
Oxidative Stress Pathway,19,95,71.0,77.0,80.0,84.0,86.0,89.0,90.0,91.0,92.0,92.0,92.0,92.0,95.0,,,,,,,,,,,,,,,,,,,,,,,,,,,,,,,,,,,,,,,,,,,,,,,,,,,,,,,,,,,,,,,,,,,,,,,,,,,,,,,,,,,,,,,,,
Oxidative Stress Pathway,19,95,24.0,44.0,67.0,76.0,76.0,78.0,81.0,83.0,87.0,88.0,88.0,88.0,89.0,89.0,89.0,89.0,92.0,92.0,92.0,92.0,92.0,92.0,92.0,94.0,94.0,94.0,94.0,94.0,94.0,94.0,94.0,94.0,94.0,,,,,,,,,,,,,,,,,,,,,,,,,,,,,,,,,,,,,,,,,,,,,,,,,,,,,,,,,,,,,,,,,,,,,
Oxidative Stress Pathway,19,95,41.0,43.0,46.0,78.0,81.0,85.0,87.0,87.0,90.0,90.0,92.0,93.0,94.0,94.0,94.0,94.0,94.0,94.0,94.0,94.0,94.0,94.0,,,,,,,,,,,,,,,,,,,,,,,,,,,,,,,,,,,,,,,,,,,,,,,,,,,,,,,,,,,,,,,,,,,,,,,,,,,,,,,,
Regulation of the L-arabinose operon of Escherichia coli,13,65,50.0,56.0,62.0,62.0,62.0,62.0,63.0,64.0,64.0,64.0,64.0,64.0,64.0,64.0,64.0,64.0,64.0,,,,,,,,,,,,,,,,,,,,,,,,,,,,,,,,,,,,,,,,,,,,,,,,,,,,,,,,,,,,,,,,,,,,,,,,,,,,,,,,,,,,,
Regulation of the L-arabinose operon of Escherichia coli,13,65,31.0,38.0,41.0,47.0,53.0,53.0,57.0,57.0,60.0,60.0,60.0,61.0,61.0,61.0,62.0,62.0,64.0,64.0,64.0,64.0,64.0,64.0,64.0,64.0,64.0,64.0,,,,,,,,,,,,,,,,,,,,,,,,,,,,,,,,,,,,,,,,,,,,,,,,,,,,,,,,,,,,,,,,,,,,,,,,,,,,
Regulation of the L-arabinose operon of Escherichia coli,13,65,45.0,51.0,56.0,60.0,62.0,63.0,63.0,64.0,65.0,,,,,,,,,,,,,,,,,,,,,,,,,,,,,,,,,,,,,,,,,,,,,,,,,,,,,,,,,,,,,,,,,,,,,,,,,,,,,,,,,,,,,,,,,,,,,
SKBR3 Breast Cell Line Short-term ErbB Network,16,80,33.7,41.2,45.2,46.7,48.8,50.7,51.7,52.3,56.9,59.0,60.0,65.2,67.4,67.6,69.2,69.6,70.0,71.1,71.3,72.5,73.0,73.0,73.0,73.0,73.0,73.0,73.0,73.0,73.0,73.0,,,,,,,,,,,,,,,,,,,,,,,,,,,,,,,,,,,,,,,,,,,,,,,,,,,,,,,,,,,,,,,,,,,,,,,,
SKBR3 Breast Cell Line Short-term ErbB Network,16,80,31.4,38.9,42.7,47.3,51.8,53.7,54.3,56.0,61.3,62.6,63.6,64.3,67.6,67.6,67.6,68.6,68.9,70.9,70.9,71.0,73.8,73.8,74.0,74.0,74.8,74.8,75.0,75.0,75.0,75.2,75.2,76.0,76.0,76.0,76.0,76.0,76.0,76.0,76.0,76.0,76.0,,,,,,,,,,,,,,,,,,,,,,,,,,,,,,,,,,,,,,,,,,,,,,,,,,,,,,,,,,,,,
SKBR3 Breast Cell Line Short-term ErbB Network,16,80,29.3,42.1,45.6,51.4,54.1,55.3,57.0,59.6,60.1,60.7,61.4,62.5,63.5,65.3,65.6,66.0,67.0,68.0,70.0,72.0,72.0,73.0,74.0,74.0,75.0,75.0,75.0,75.3,76.0,76.3,77.0,77.2,78.0,78.0,78.0,78.0,78.0,78.0,78.0,78.0,78.0,78.0,,,,,,,,,,,,,,,,,,,,,,,,,,,,,,,,,,,,,,,,,,,,,,,,,,,,,,,,,,,,
T-LGL Survival Network 2011 Reduced Network,18,90,55.0,67.7,69.8,70.3,72.3,76.0,76.3,79.0,80.0,81.0,81.0,84.0,84.0,85.4,86.4,88.0,89.0,90.0,,,,,,,,,,,,,,,,,,,,,,,,,,,,,,,,,,,,,,,,,,,,,,,,,,,,,,,,,,,,,,,,,,,,,,,,,,,,,,,,,,,,
T-LGL Survival Network 2011 Reduced Network,18,90,8.2,26.2,28.2,40.7,41.7,43.7,47.9,59.9,64.1,67.3,68.3,69.3,71.0,71.7,71.7,72.0,72.0,73.3,74.0,74.0,75.0,75.0,80.0,81.0,81.0,81.0,81.0,81.0,81.0,81.0,81.0,81.0,81.0,,,,,,,,,,,,,,,,,,,,,,,,,,,,,,,,,,,,,,,,,,,,,,,,,,,,,,,,,,,,,,,,,,,,,
T-LGL Survival Network 2011 Reduced Network,18,90,2.0,21.0,21.0,48.2,57.0,63.0,65.0,66.0,71.0,71.0,74.0,74.0,76.0,78.0,84.0,84.0,84.0,85.0,86.0,86.0,86.0,86.0,86.0,89.0,89.0,89.0,89.0,89.0,89.0,89.0,89.0,89.0,89.0,,,,,,,,,,,,,,,,,,,,,,,,,,,,,,,,,,,,,,,,,,,,,,,,,,,,,,,,,,,,,,,,,,,,,
Toll Pathway of Drosophila Signaling Pathway,11,55,44.0,51.0,55.0,,,,,,,,,,,,,,,,,,,,,,,,,,,,,,,,,,,,,,,,,,,,,,,,,,,,,,,,,,,,,,,,,,,,,,,,,,,,,,,,,,,,,,,,,,,,,,,,,,,
Toll Pathway of Drosophila Signaling Pathway,11,55,40.0,44.0,44.0,44.0,51.0,51.0,55.0,,,,,,,,,,,,,,,,,,,,,,,,,,,,,,,,,,,,,,,,,,,,,,,,,,,,,,,,,,,,,,,,,,,,,,,,,,,,,,,,,,,,,,,,,,,,,,,
Toll Pathway of Drosophila Signaling Pathway,11,55,53.0,55.0,,,,,,,,,,,,,,,,,,,,,,,,,,,,,,,,,,,,,,,,,,,,,,,,,,,,,,,,,,,,,,,,,,,,,,,,,,,,,,,,,,,,,,,,,,,,,,,,,,,,
VEGF Pathway of Drosophila Signaling Pathway,18,90,78.0,82.0,85.0,85.0,89.0,90.0,,,,,,,,,,,,,,,,,,,,,,,,,,,,,,,,,,,,,,,,,,,,,,,,,,,,,,,,,,,,,,,,,,,,,,,,,,,,,,,,,,,,,,,,,,,,,,,,
VEGF Pathway of Drosophila Signaling Pathway,18,90,80.0,83.0,84.0,86.0,86.0,87.0,88.0,88.0,89.0,89.0,89.0,90.0,,,,,,,,,,,,,,,,,,,,,,,,,,,,,,,,,,,,,,,,,,,,,,,,,,,,,,,,,,,,,,,,,,,,,,,,,,,,,,,,,,,,,,,,,,
VEGF Pathway of Drosophila Signaling Pathway,18,90,58.0,73.0,78.0,80.0,80.0,85.0,88.0,89.0,90.0,,,,,,,,,,,,,,,,,,,,,,,,,,,,,,,,,,,,,,,,,,,,,,,,,,,,,,,,,,,,,,,,,,,,,,,,,,,,,,,,,,,,,,,,,,,,,